fish,223,1021,00000.jpg,1920,1080
fish,62,140,00000.jpg,1920,1080
fish,113,100,00000.jpg,1920,1080
fish,81,276,00000.jpg,1920,1080
fish,181,83,00000.jpg,1920,1080
fish,243,68,00000.jpg,1920,1080
fish,417,117,00000.jpg,1920,1080
fish,427,70,00000.jpg,1920,1080
fish,445,48,00000.jpg,1920,1080
fish,339,252,00000.jpg,1920,1080
fish,550,225,00000.jpg,1920,1080
fish,544,414,00000.jpg,1920,1080
fish,543,301,00000.jpg,1920,1080
fish,724,131,00000.jpg,1920,1080
fish,794,167,00000.jpg,1920,1080
fish,824,237,00000.jpg,1920,1080
fish,874,29,00000.jpg,1920,1080
fish,988,71,00000.jpg,1920,1080
fish,1038,270,00000.jpg,1920,1080
fish,933,187,00000.jpg,1920,1080
fish,1163,54,00000.jpg,1920,1080
fish,1205,94,00000.jpg,1920,1080
fish,1135,208,00000.jpg,1920,1080
fish,1119,132,00000.jpg,1920,1080
fish,1271,281,00000.jpg,1920,1080
fish,1245,369,00000.jpg,1920,1080
fish,1078,463,00000.jpg,1920,1080
fish,1338,20,00000.jpg,1920,1080
fish,1372,67,00000.jpg,1920,1080
fish,1781,52,00000.jpg,1920,1080
fish,1832,72,00000.jpg,1920,1080
fish,1789,136,00000.jpg,1920,1080
fish,1765,210,00000.jpg,1920,1080
fish,1534,254,00000.jpg,1920,1080
fish,260,1016,00001.jpg,1920,1080
fish,64,298,00001.jpg,1920,1080
fish,16,125,00001.jpg,1920,1080
fish,24,29,00001.jpg,1920,1080
fish,176,106,00001.jpg,1920,1080
fish,249,202,00001.jpg,1920,1080
fish,348,183,00001.jpg,1920,1080
fish,359,263,00001.jpg,1920,1080
fish,466,444,00001.jpg,1920,1080
fish,711,447,00001.jpg,1920,1080
fish,921,564,00001.jpg,1920,1080
fish,536,114,00001.jpg,1920,1080
fish,643,133,00001.jpg,1920,1080
fish,765,70,00001.jpg,1920,1080
fish,707,20,00001.jpg,1920,1080
fish,924,131,00001.jpg,1920,1080
fish,869,204,00001.jpg,1920,1080
fish,1156,94,00001.jpg,1920,1080
fish,987,125,00001.jpg,1920,1080
fish,1214,194,00001.jpg,1920,1080
fish,1360,48,00001.jpg,1920,1080
fish,1454,95,00001.jpg,1920,1080
fish,1363,11,00001.jpg,1920,1080
fish,1636,87,00001.jpg,1920,1080
fish,1755,83,00001.jpg,1920,1080
fish,1881,100,00001.jpg,1920,1080
fish,1846,163,00001.jpg,1920,1080
fish,1845,337,00001.jpg,1920,1080
fish,1619,437,00001.jpg,1920,1080
fish,229,1030,00002.jpg,1920,1080
fish,411,240,00002.jpg,1920,1080
fish,372,455,00002.jpg,1920,1080
fish,659,385,00002.jpg,1920,1080
fish,700,431,00002.jpg,1920,1080
fish,739,291,00002.jpg,1920,1080
fish,750,236,00002.jpg,1920,1080
fish,665,257,00002.jpg,1920,1080
fish,612,202,00002.jpg,1920,1080
fish,587,150,00002.jpg,1920,1080
fish,612,102,00002.jpg,1920,1080
fish,460,125,00002.jpg,1920,1080
fish,701,34,00002.jpg,1920,1080
fish,761,125,00002.jpg,1920,1080
fish,930,81,00002.jpg,1920,1080
fish,877,9,00002.jpg,1920,1080
fish,1060,22,00002.jpg,1920,1080
fish,1249,40,00002.jpg,1920,1080
fish,1181,87,00002.jpg,1920,1080
fish,1112,204,00002.jpg,1920,1080
fish,1136,315,00002.jpg,1920,1080
fish,893,265,00002.jpg,1920,1080
fish,1231,164,00002.jpg,1920,1080
fish,1504,177,00002.jpg,1920,1080
fish,1489,295,00002.jpg,1920,1080
fish,1667,119,00002.jpg,1920,1080
fish,1635,37,00002.jpg,1920,1080
fish,1881,28,00002.jpg,1920,1080
fish,1903,246,00002.jpg,1920,1080
fish,679,1030,00002.jpg,1920,1080
fish,325,767,00002.jpg,1920,1080
fish,642,491,00002.jpg,1920,1080
fish,78,740,00003.jpg,1920,1080
fish,77,1032,00003.jpg,1920,1080
fish,162,789,00003.jpg,1920,1080
fish,254,1000,00003.jpg,1920,1080
fish,712,1043,00003.jpg,1920,1080
fish,1057,1066,00003.jpg,1920,1080
fish,257,401,00003.jpg,1920,1080
fish,31,309,00003.jpg,1920,1080
fish,165,150,00003.jpg,1920,1080
fish,383,80,00003.jpg,1920,1080
fish,460,199,00003.jpg,1920,1080
fish,392,255,00003.jpg,1920,1080
fish,444,309,00003.jpg,1920,1080
fish,406,409,00003.jpg,1920,1080
fish,563,114,00003.jpg,1920,1080
fish,616,33,00003.jpg,1920,1080
fish,838,273,00003.jpg,1920,1080
fish,932,204,00003.jpg,1920,1080
fish,925,84,00003.jpg,1920,1080
fish,1007,62,00003.jpg,1920,1080
fish,1089,62,00003.jpg,1920,1080
fish,1159,11,00003.jpg,1920,1080
fish,1151,95,00003.jpg,1920,1080
fish,1255,185,00003.jpg,1920,1080
fish,1139,227,00003.jpg,1920,1080
fish,1233,265,00003.jpg,1920,1080
fish,1311,55,00003.jpg,1920,1080
fish,1478,149,00003.jpg,1920,1080
fish,1514,67,00003.jpg,1920,1080
fish,1559,73,00003.jpg,1920,1080
fish,1669,14,00003.jpg,1920,1080
fish,1795,100,00003.jpg,1920,1080
fish,1810,25,00003.jpg,1920,1080
fish,1879,232,00003.jpg,1920,1080
fish,1727,544,00003.jpg,1920,1080
fish,61,880,00004.jpg,1920,1080
fish,205,876,00004.jpg,1920,1080
fish,121,1038,00004.jpg,1920,1080
fish,254,1052,00004.jpg,1920,1080
fish,409,1035,00004.jpg,1920,1080
fish,761,818,00004.jpg,1920,1080
fish,739,1005,00004.jpg,1920,1080
fish,1104,798,00004.jpg,1920,1080
fish,1145,855,00004.jpg,1920,1080
fish,1719,917,00004.jpg,1920,1080
fish,1868,610,00004.jpg,1920,1080
fish,1837,920,00004.jpg,1920,1080
fish,1892,364,00004.jpg,1920,1080
fish,1754,364,00004.jpg,1920,1080
fish,1805,175,00004.jpg,1920,1080
fish,1907,189,00004.jpg,1920,1080
fish,1628,172,00004.jpg,1920,1080
fish,1565,47,00004.jpg,1920,1080
fish,1352,15,00004.jpg,1920,1080
fish,1162,127,00004.jpg,1920,1080
fish,1123,222,00004.jpg,1920,1080
fish,951,161,00004.jpg,1920,1080
fish,1038,342,00004.jpg,1920,1080
fish,1183,342,00004.jpg,1920,1080
fish,1090,450,00004.jpg,1920,1080
fish,1351,373,00004.jpg,1920,1080
fish,736,296,00004.jpg,1920,1080
fish,620,135,00004.jpg,1920,1080
fish,502,108,00004.jpg,1920,1080
fish,207,102,00004.jpg,1920,1080
fish,281,315,00004.jpg,1920,1080
fish,184,411,00004.jpg,1920,1080
fish,372,489,00004.jpg,1920,1080
fish,433,224,00004.jpg,1920,1080
fish,413,351,00004.jpg,1920,1080
fish,38,150,00004.jpg,1920,1080
fish,60,310,00005.jpg,1920,1080
fish,144,265,00005.jpg,1920,1080
fish,273,69,00005.jpg,1920,1080
fish,524,42,00005.jpg,1920,1080
fish,587,89,00005.jpg,1920,1080
fish,431,254,00005.jpg,1920,1080
fish,449,395,00005.jpg,1920,1080
fish,469,536,00005.jpg,1920,1080
fish,238,759,00005.jpg,1920,1080
fish,163,905,00005.jpg,1920,1080
fish,155,627,00005.jpg,1920,1080
fish,439,789,00005.jpg,1920,1080
fish,358,1029,00005.jpg,1920,1080
fish,679,1046,00005.jpg,1920,1080
fish,922,1041,00005.jpg,1920,1080
fish,1026,961,00005.jpg,1920,1080
fish,1034,867,00005.jpg,1920,1080
fish,1098,1040,00005.jpg,1920,1080
fish,1278,803,00005.jpg,1920,1080
fish,1304,941,00005.jpg,1920,1080
fish,1454,960,00005.jpg,1920,1080
fish,1875,793,00005.jpg,1920,1080
fish,1707,778,00005.jpg,1920,1080
fish,1688,621,00005.jpg,1920,1080
fish,544,365,00005.jpg,1920,1080
fish,635,236,00005.jpg,1920,1080
fish,682,379,00005.jpg,1920,1080
fish,654,455,00005.jpg,1920,1080
fish,990,313,00005.jpg,1920,1080
fish,955,150,00005.jpg,1920,1080
fish,891,92,00005.jpg,1920,1080
fish,867,183,00005.jpg,1920,1080
fish,1084,58,00005.jpg,1920,1080
fish,1158,141,00005.jpg,1920,1080
fish,1092,208,00005.jpg,1920,1080
fish,1095,263,00005.jpg,1920,1080
fish,1277,326,00005.jpg,1920,1080
fish,1721,371,00005.jpg,1920,1080
fish,1677,455,00005.jpg,1920,1080
fish,1457,185,00005.jpg,1920,1080
fish,1655,78,00005.jpg,1920,1080
fish,1628,29,00005.jpg,1920,1080
fish,1867,47,00005.jpg,1920,1080
fish,1881,128,00005.jpg,1920,1080
fish,82,87,00006.jpg,1920,1080
fish,41,67,00006.jpg,1920,1080
fish,83,227,00006.jpg,1920,1080
fish,253,307,00006.jpg,1920,1080
fish,157,826,00006.jpg,1920,1080
fish,265,898,00006.jpg,1920,1080
fish,472,541,00006.jpg,1920,1080
fish,541,280,00006.jpg,1920,1080
fish,529,81,00006.jpg,1920,1080
fish,624,174,00006.jpg,1920,1080
fish,897,92,00006.jpg,1920,1080
fish,822,28,00006.jpg,1920,1080
fish,1054,155,00006.jpg,1920,1080
fish,1206,28,00006.jpg,1920,1080
fish,1038,353,00006.jpg,1920,1080
fish,1239,312,00006.jpg,1920,1080
fish,1297,436,00006.jpg,1920,1080
fish,958,1044,00006.jpg,1920,1080
fish,1351,525,00006.jpg,1920,1080
fish,1048,986,00006.jpg,1920,1080
fish,1570,994,00006.jpg,1920,1080
fish,1534,922,00006.jpg,1920,1080
fish,1446,680,00006.jpg,1920,1080
fish,1426,591,00006.jpg,1920,1080
fish,1432,313,00006.jpg,1920,1080
fish,1396,243,00006.jpg,1920,1080
fish,1459,182,00006.jpg,1920,1080
fish,1512,113,00006.jpg,1920,1080
fish,1533,76,00006.jpg,1920,1080
fish,1548,252,00006.jpg,1920,1080
fish,1718,428,00006.jpg,1920,1080
fish,1881,505,00006.jpg,1920,1080
fish,1831,773,00006.jpg,1920,1080
fish,1895,850,00006.jpg,1920,1080
fish,1167,756,00006.jpg,1920,1080
fish,1747,4,00006.jpg,1920,1080
fish,94,1025,00007.jpg,1920,1080
fish,414,489,00007.jpg,1920,1080
fish,140,216,00007.jpg,1920,1080
fish,94,133,00007.jpg,1920,1080
fish,268,167,00007.jpg,1920,1080
fish,455,36,00007.jpg,1920,1080
fish,532,105,00007.jpg,1920,1080
fish,541,291,00007.jpg,1920,1080
fish,638,258,00007.jpg,1920,1080
fish,711,150,00007.jpg,1920,1080
fish,736,109,00007.jpg,1920,1080
fish,814,36,00007.jpg,1920,1080
fish,1016,127,00007.jpg,1920,1080
fish,904,172,00007.jpg,1920,1080
fish,1150,273,00007.jpg,1920,1080
fish,1275,147,00007.jpg,1920,1080
fish,1203,78,00007.jpg,1920,1080
fish,1256,50,00007.jpg,1920,1080
fish,1387,84,00007.jpg,1920,1080
fish,1438,87,00007.jpg,1920,1080
fish,1471,23,00007.jpg,1920,1080
fish,1625,70,00007.jpg,1920,1080
fish,1575,113,00007.jpg,1920,1080
fish,1470,164,00007.jpg,1920,1080
fish,1398,465,00007.jpg,1920,1080
fish,1420,643,00007.jpg,1920,1080
fish,1711,221,00007.jpg,1920,1080
fish,1790,188,00007.jpg,1920,1080
fish,1846,95,00007.jpg,1920,1080
fish,1815,61,00007.jpg,1920,1080
fish,1782,122,00007.jpg,1920,1080
fish,1909,91,00007.jpg,1920,1080
fish,1901,169,00007.jpg,1920,1080
fish,182,749,00007.jpg,1920,1080
fish,232,673,00007.jpg,1920,1080
fish,1155,1057,00007.jpg,1920,1080
fish,25,22,00008.jpg,1920,1080
fish,67,87,00008.jpg,1920,1080
fish,152,153,00008.jpg,1920,1080
fish,491,161,00008.jpg,1920,1080
fish,469,315,00008.jpg,1920,1080
fish,242,207,00008.jpg,1920,1080
fish,185,219,00008.jpg,1920,1080
fish,601,191,00008.jpg,1920,1080
fish,386,236,00008.jpg,1920,1080
fish,574,95,00008.jpg,1920,1080
fish,728,51,00008.jpg,1920,1080
fish,684,117,00008.jpg,1920,1080
fish,808,95,00008.jpg,1920,1080
fish,762,175,00008.jpg,1920,1080
fish,756,224,00008.jpg,1920,1080
fish,678,246,00008.jpg,1920,1080
fish,645,279,00008.jpg,1920,1080
fish,925,185,00008.jpg,1920,1080
fish,1111,31,00008.jpg,1920,1080
fish,1062,70,00008.jpg,1920,1080
fish,1376,109,00008.jpg,1920,1080
fish,1501,45,00008.jpg,1920,1080
fish,1490,191,00008.jpg,1920,1080
fish,1655,25,00008.jpg,1920,1080
fish,1664,84,00008.jpg,1920,1080
fish,1820,81,00008.jpg,1920,1080
fish,1820,18,00008.jpg,1920,1080
fish,1180,255,00008.jpg,1920,1080
fish,1205,371,00008.jpg,1920,1080
fish,1194,473,00008.jpg,1920,1080
fish,861,615,00008.jpg,1920,1080
fish,287,574,00008.jpg,1920,1080
fish,33,789,00008.jpg,1920,1080
fish,110,1047,00008.jpg,1920,1080
fish,803,1065,00008.jpg,1920,1080
fish,1122,1058,00008.jpg,1920,1080
fish,1865,453,00008.jpg,1920,1080
fish,118,1030,00009.jpg,1920,1080
fish,301,975,00009.jpg,1920,1080
fish,348,1073,00009.jpg,1920,1080
fish,1029,936,00009.jpg,1920,1080
fish,588,709,00009.jpg,1920,1080
fish,667,613,00009.jpg,1920,1080
fish,273,495,00009.jpg,1920,1080
fish,171,193,00009.jpg,1920,1080
fish,176,111,00009.jpg,1920,1080
fish,44,95,00009.jpg,1920,1080
fish,362,84,00009.jpg,1920,1080
fish,358,169,00009.jpg,1920,1080
fish,151,34,00009.jpg,1920,1080
fish,464,119,00009.jpg,1920,1080
fish,507,25,00009.jpg,1920,1080
fish,621,182,00009.jpg,1920,1080
fish,737,348,00009.jpg,1920,1080
fish,610,351,00009.jpg,1920,1080
fish,544,381,00009.jpg,1920,1080
fish,787,412,00009.jpg,1920,1080
fish,797,318,00009.jpg,1920,1080
fish,940,478,00009.jpg,1920,1080
fish,947,207,00009.jpg,1920,1080
fish,969,130,00009.jpg,1920,1080
fish,808,47,00009.jpg,1920,1080
fish,894,22,00009.jpg,1920,1080
fish,1082,106,00009.jpg,1920,1080
fish,1354,75,00009.jpg,1920,1080
fish,1222,204,00009.jpg,1920,1080
fish,1434,357,00009.jpg,1920,1080
fish,1500,265,00009.jpg,1920,1080
fish,1807,125,00009.jpg,1920,1080
fish,1578,59,00009.jpg,1920,1080
fish,1556,23,00009.jpg,1920,1080
fish,1602,17,00009.jpg,1920,1080
fish,1649,436,00009.jpg,1920,1080
fish,171,64,00010.jpg,1920,1080
fish,325,78,00010.jpg,1920,1080
fish,237,130,00010.jpg,1920,1080
fish,242,72,00010.jpg,1920,1080
fish,300,189,00010.jpg,1920,1080
fish,345,338,00010.jpg,1920,1080
fish,347,465,00010.jpg,1920,1080
fish,205,542,00010.jpg,1920,1080
fish,127,1040,00010.jpg,1920,1080
fish,307,983,00010.jpg,1920,1080
fish,337,1066,00010.jpg,1920,1080
fish,392,740,00010.jpg,1920,1080
fish,595,288,00010.jpg,1920,1080
fish,544,266,00010.jpg,1920,1080
fish,513,305,00010.jpg,1920,1080
fish,642,255,00010.jpg,1920,1080
fish,701,236,00010.jpg,1920,1080
fish,720,133,00010.jpg,1920,1080
fish,805,36,00010.jpg,1920,1080
fish,974,119,00010.jpg,1920,1080
fish,947,197,00010.jpg,1920,1080
fish,1012,342,00010.jpg,1920,1080
fish,867,437,00010.jpg,1920,1080
fish,1098,183,00010.jpg,1920,1080
fish,1208,65,00010.jpg,1920,1080
fish,1300,59,00010.jpg,1920,1080
fish,932,335,00010.jpg,1920,1080
fish,1496,33,00010.jpg,1920,1080
fish,1575,108,00010.jpg,1920,1080
fish,1440,158,00010.jpg,1920,1080
fish,1420,232,00010.jpg,1920,1080
fish,1553,279,00010.jpg,1920,1080
fish,1547,353,00010.jpg,1920,1080
fish,1725,44,00010.jpg,1920,1080
fish,1357,563,00010.jpg,1920,1080
fish,1142,836,00010.jpg,1920,1080
fish,1840,673,00010.jpg,1920,1080
fish,17,44,00011.jpg,1920,1080
fish,93,974,00011.jpg,1920,1080
fish,1542,73,00011.jpg,1920,1080
fish,1459,401,00011.jpg,1920,1080
fish,1205,522,00011.jpg,1920,1080
fish,309,316,00011.jpg,1920,1080
fish,285,164,00011.jpg,1920,1080
fish,386,265,00011.jpg,1920,1080
fish,414,208,00011.jpg,1920,1080
fish,486,241,00011.jpg,1920,1080
fish,513,106,00011.jpg,1920,1080
fish,631,83,00011.jpg,1920,1080
fish,706,70,00011.jpg,1920,1080
fish,847,73,00011.jpg,1920,1080
fish,711,202,00011.jpg,1920,1080
fish,767,194,00011.jpg,1920,1080
fish,762,288,00011.jpg,1920,1080
fish,904,273,00011.jpg,1920,1080
fish,947,238,00011.jpg,1920,1080
fish,1016,130,00011.jpg,1920,1080
fish,1060,91,00011.jpg,1920,1080
fish,993,497,00011.jpg,1920,1080
fish,1299,429,00011.jpg,1920,1080
fish,1307,506,00011.jpg,1920,1080
fish,1034,422,00011.jpg,1920,1080
fish,1129,538,00011.jpg,1920,1080
fish,1346,233,00011.jpg,1920,1080
fish,14,343,00012.jpg,1920,1080
fish,243,847,00012.jpg,1920,1080
fish,275,1043,00012.jpg,1920,1080
fish,759,1060,00012.jpg,1920,1080
fish,1165,1065,00012.jpg,1920,1080
fish,1476,842,00012.jpg,1920,1080
fish,1741,684,00012.jpg,1920,1080
fish,1485,610,00012.jpg,1920,1080
fish,1133,531,00012.jpg,1920,1080
fish,1147,385,00012.jpg,1920,1080
fish,1085,274,00012.jpg,1920,1080
fish,409,136,00012.jpg,1920,1080
fish,478,280,00012.jpg,1920,1080
fish,511,106,00012.jpg,1920,1080
fish,595,149,00012.jpg,1920,1080
fish,544,50,00012.jpg,1920,1080
fish,781,81,00012.jpg,1920,1080
fish,797,218,00012.jpg,1920,1080
fish,935,207,00012.jpg,1920,1080
fish,1209,158,00012.jpg,1920,1080
fish,1093,80,00012.jpg,1920,1080
fish,1202,39,00012.jpg,1920,1080
fish,1362,51,00012.jpg,1920,1080
fish,1467,67,00012.jpg,1920,1080
fish,1710,26,00012.jpg,1920,1080
fish,1755,102,00012.jpg,1920,1080
fish,1680,163,00012.jpg,1920,1080
fish,1763,174,00012.jpg,1920,1080
fish,1443,175,00012.jpg,1920,1080
fish,24,960,00013.jpg,1920,1080
fish,361,556,00013.jpg,1920,1080
fish,395,295,00013.jpg,1920,1080
fish,362,169,00013.jpg,1920,1080
fish,147,92,00013.jpg,1920,1080
fish,464,122,00013.jpg,1920,1080
fish,646,55,00013.jpg,1920,1080
fish,728,48,00013.jpg,1920,1080
fish,707,135,00013.jpg,1920,1080
fish,751,177,00013.jpg,1920,1080
fish,731,202,00013.jpg,1920,1080
fish,609,652,00013.jpg,1920,1080
fish,1034,977,00013.jpg,1920,1080
fish,1247,654,00013.jpg,1920,1080
fish,1343,657,00013.jpg,1920,1080
fish,1591,897,00013.jpg,1920,1080
fish,1076,467,00013.jpg,1920,1080
fish,883,406,00013.jpg,1920,1080
fish,927,337,00013.jpg,1920,1080
fish,998,280,00013.jpg,1920,1080
fish,960,116,00013.jpg,1920,1080
fish,1075,25,00013.jpg,1920,1080
fish,1140,177,00013.jpg,1920,1080
fish,1051,172,00013.jpg,1920,1080
fish,1148,313,00013.jpg,1920,1080
fish,1195,268,00013.jpg,1920,1080
fish,1269,172,00013.jpg,1920,1080
fish,1318,81,00013.jpg,1920,1080
fish,1438,18,00013.jpg,1920,1080
fish,1598,36,00013.jpg,1920,1080
fish,1475,200,00013.jpg,1920,1080
fish,1639,106,00013.jpg,1920,1080
fish,1878,9,00013.jpg,1920,1080
fish,1884,155,00013.jpg,1920,1080
fish,173,152,00014.jpg,1920,1080
fish,80,238,00014.jpg,1920,1080
fish,243,103,00014.jpg,1920,1080
fish,306,65,00014.jpg,1920,1080
fish,329,23,00014.jpg,1920,1080
fish,199,26,00014.jpg,1920,1080
fish,707,100,00014.jpg,1920,1080
fish,510,335,00014.jpg,1920,1080
fish,485,455,00014.jpg,1920,1080
fish,204,514,00014.jpg,1920,1080
fish,422,503,00014.jpg,1920,1080
fish,845,407,00014.jpg,1920,1080
fish,753,459,00014.jpg,1920,1080
fish,656,455,00014.jpg,1920,1080
fish,1107,84,00014.jpg,1920,1080
fish,842,103,00014.jpg,1920,1080
fish,871,25,00014.jpg,1920,1080
fish,1060,251,00014.jpg,1920,1080
fish,1081,367,00014.jpg,1920,1080
fish,1078,428,00014.jpg,1920,1080
fish,947,952,00014.jpg,1920,1080
fish,358,1066,00014.jpg,1920,1080
fish,1244,895,00014.jpg,1920,1080
fish,1591,610,00014.jpg,1920,1080
fish,1256,389,00014.jpg,1920,1080
fish,1235,142,00014.jpg,1920,1080
fish,1260,17,00014.jpg,1920,1080
fish,1416,147,00014.jpg,1920,1080
fish,1529,105,00014.jpg,1920,1080
fish,1540,25,00014.jpg,1920,1080
fish,1647,249,00014.jpg,1920,1080
fish,1666,166,00014.jpg,1920,1080
fish,1754,89,00014.jpg,1920,1080
fish,1846,29,00014.jpg,1920,1080
fish,155,1043,00015.jpg,1920,1080
fish,1594,807,00015.jpg,1920,1080
fish,1636,724,00015.jpg,1920,1080
fish,1283,749,00015.jpg,1920,1080
fish,1272,619,00015.jpg,1920,1080
fish,113,315,00015.jpg,1920,1080
fish,35,91,00015.jpg,1920,1080
fish,331,262,00015.jpg,1920,1080
fish,337,106,00015.jpg,1920,1080
fish,424,84,00015.jpg,1920,1080
fish,334,29,00015.jpg,1920,1080
fish,147,61,00015.jpg,1920,1080
fish,391,222,00015.jpg,1920,1080
fish,320,346,00015.jpg,1920,1080
fish,431,266,00015.jpg,1920,1080
fish,477,331,00015.jpg,1920,1080
fish,533,271,00015.jpg,1920,1080
fish,525,420,00015.jpg,1920,1080
fish,627,109,00015.jpg,1920,1080
fish,704,75,00015.jpg,1920,1080
fish,827,33,00015.jpg,1920,1080
fish,913,145,00015.jpg,1920,1080
fish,787,254,00015.jpg,1920,1080
fish,824,340,00015.jpg,1920,1080
fish,784,375,00015.jpg,1920,1080
fish,718,340,00015.jpg,1920,1080
fish,1020,59,00015.jpg,1920,1080
fish,1060,17,00015.jpg,1920,1080
fish,1144,7,00015.jpg,1920,1080
fish,1111,102,00015.jpg,1920,1080
fish,1225,89,00015.jpg,1920,1080
fish,1115,332,00015.jpg,1920,1080
fish,1286,387,00015.jpg,1920,1080
fish,1238,337,00015.jpg,1920,1080
fish,1321,207,00015.jpg,1920,1080
fish,1396,191,00015.jpg,1920,1080
fish,1366,14,00015.jpg,1920,1080
fish,1600,20,00015.jpg,1920,1080
fish,1755,20,00015.jpg,1920,1080
fish,1827,142,00015.jpg,1920,1080
fish,1782,169,00015.jpg,1920,1080
fish,1735,235,00015.jpg,1920,1080
fish,1904,58,00015.jpg,1920,1080
fish,1893,127,00015.jpg,1920,1080
fish,41,145,00016.jpg,1920,1080
fish,179,215,00016.jpg,1920,1080
fish,207,1024,00016.jpg,1920,1080
fish,320,247,00016.jpg,1920,1080
fish,275,144,00016.jpg,1920,1080
fish,256,72,00016.jpg,1920,1080
fish,447,149,00016.jpg,1920,1080
fish,433,255,00016.jpg,1920,1080
fish,391,417,00016.jpg,1920,1080
fish,700,65,00016.jpg,1920,1080
fish,596,69,00016.jpg,1920,1080
fish,792,61,00016.jpg,1920,1080
fish,695,7,00016.jpg,1920,1080
fish,566,97,00016.jpg,1920,1080
fish,883,103,00016.jpg,1920,1080
fish,809,130,00016.jpg,1920,1080
fish,1005,95,00016.jpg,1920,1080
fish,998,180,00016.jpg,1920,1080
fish,700,180,00016.jpg,1920,1080
fish,852,387,00016.jpg,1920,1080
fish,1153,136,00016.jpg,1920,1080
fish,1256,17,00016.jpg,1920,1080
fish,1559,12,00016.jpg,1920,1080
fish,1482,135,00016.jpg,1920,1080
fish,1478,329,00016.jpg,1920,1080
fish,1700,26,00016.jpg,1920,1080
fish,1834,48,00016.jpg,1920,1080
fish,1813,131,00016.jpg,1920,1080
fish,1903,202,00016.jpg,1920,1080
fish,1906,444,00016.jpg,1920,1080
fish,872,903,00016.jpg,1920,1080
fish,670,760,00016.jpg,1920,1080
fish,1197,1032,00016.jpg,1920,1080
fish,173,404,00017.jpg,1920,1080
fish,119,109,00017.jpg,1920,1080
fish,140,73,00017.jpg,1920,1080
fish,17,58,00017.jpg,1920,1080
fish,264,997,00017.jpg,1920,1080
fish,441,251,00017.jpg,1920,1080
fish,387,98,00017.jpg,1920,1080
fish,601,45,00017.jpg,1920,1080
fish,525,56,00017.jpg,1920,1080
fish,580,155,00017.jpg,1920,1080
fish,709,127,00017.jpg,1920,1080
fish,778,91,00017.jpg,1920,1080
fish,714,247,00017.jpg,1920,1080
fish,792,332,00017.jpg,1920,1080
fish,924,211,00017.jpg,1920,1080
fish,899,81,00017.jpg,1920,1080
fish,1093,11,00017.jpg,1920,1080
fish,1082,125,00017.jpg,1920,1080
fish,1027,163,00017.jpg,1920,1080
fish,1089,205,00017.jpg,1920,1080
fish,1147,263,00017.jpg,1920,1080
fish,922,414,00017.jpg,1920,1080
fish,1095,528,00017.jpg,1920,1080
fish,1293,608,00017.jpg,1920,1080
fish,1512,227,00017.jpg,1920,1080
fish,1401,150,00017.jpg,1920,1080
fish,1399,81,00017.jpg,1920,1080
fish,1275,45,00017.jpg,1920,1080
fish,1235,86,00017.jpg,1920,1080
fish,1589,25,00017.jpg,1920,1080
fish,1661,111,00017.jpg,1920,1080
fish,1787,51,00017.jpg,1920,1080
fish,1782,108,00017.jpg,1920,1080
fish,1650,247,00017.jpg,1920,1080
fish,1787,188,00017.jpg,1920,1080
fish,1903,142,00017.jpg,1920,1080
fish,1884,191,00017.jpg,1920,1080
fish,86,274,00018.jpg,1920,1080
fish,162,219,00018.jpg,1920,1080
fish,212,158,00018.jpg,1920,1080
fish,55,20,00018.jpg,1920,1080
fish,196,50,00018.jpg,1920,1080
fish,333,86,00018.jpg,1920,1080
fish,325,26,00018.jpg,1920,1080
fish,442,73,00018.jpg,1920,1080
fish,386,230,00018.jpg,1920,1080
fish,254,285,00018.jpg,1920,1080
fish,502,367,00018.jpg,1920,1080
fish,265,458,00018.jpg,1920,1080
fish,187,1018,00018.jpg,1920,1080
fish,359,370,00018.jpg,1920,1080
fish,317,392,00018.jpg,1920,1080
fish,560,359,00018.jpg,1920,1080
fish,714,385,00018.jpg,1920,1080
fish,806,338,00018.jpg,1920,1080
fish,660,72,00018.jpg,1920,1080
fish,880,53,00018.jpg,1920,1080
fish,927,98,00018.jpg,1920,1080
fish,1013,50,00018.jpg,1920,1080
fish,1111,125,00018.jpg,1920,1080
fish,1122,174,00018.jpg,1920,1080
fish,1087,200,00018.jpg,1920,1080
fish,1122,229,00018.jpg,1920,1080
fish,1313,92,00018.jpg,1920,1080
fish,1283,183,00018.jpg,1920,1080
fish,1264,307,00018.jpg,1920,1080
fish,1407,191,00018.jpg,1920,1080
fish,1528,161,00018.jpg,1920,1080
fish,1481,215,00018.jpg,1920,1080
fish,1738,36,00018.jpg,1920,1080
fish,1691,102,00018.jpg,1920,1080
fish,1677,29,00018.jpg,1920,1080
fish,1746,150,00018.jpg,1920,1080
fish,1864,86,00018.jpg,1920,1080
fish,1906,40,00018.jpg,1920,1080
fish,1710,599,00018.jpg,1920,1080
fish,852,707,00018.jpg,1920,1080
fish,56,403,00019.jpg,1920,1080
fish,179,1021,00019.jpg,1920,1080
fish,287,324,00019.jpg,1920,1080
fish,132,76,00019.jpg,1920,1080
fish,22,78,00019.jpg,1920,1080
fish,403,224,00019.jpg,1920,1080
fish,494,384,00019.jpg,1920,1080
fish,613,230,00019.jpg,1920,1080
fish,689,155,00019.jpg,1920,1080
fish,764,122,00019.jpg,1920,1080
fish,744,64,00019.jpg,1920,1080
fish,797,189,00019.jpg,1920,1080
fish,896,111,00019.jpg,1920,1080
fish,1001,102,00019.jpg,1920,1080
fish,1120,130,00019.jpg,1920,1080
fish,1092,62,00019.jpg,1920,1080
fish,1018,204,00019.jpg,1920,1080
fish,1176,254,00019.jpg,1920,1080
fish,1264,196,00019.jpg,1920,1080
fish,1269,127,00019.jpg,1920,1080
fish,1213,80,00019.jpg,1920,1080
fish,1275,73,00019.jpg,1920,1080
fish,1443,155,00019.jpg,1920,1080
fish,1454,246,00019.jpg,1920,1080
fish,1564,147,00019.jpg,1920,1080
fish,1548,298,00019.jpg,1920,1080
fish,1504,332,00019.jpg,1920,1080
fish,1611,84,00019.jpg,1920,1080
fish,1525,29,00019.jpg,1920,1080
fish,1708,61,00019.jpg,1920,1080
fish,1782,113,00019.jpg,1920,1080
fish,1820,232,00019.jpg,1920,1080
fish,1715,255,00019.jpg,1920,1080
fish,1853,14,00019.jpg,1920,1080
fish,1892,18,00019.jpg,1920,1080
fish,17,740,00020.jpg,1920,1080
fish,141,538,00020.jpg,1920,1080
fish,224,1002,00020.jpg,1920,1080
fish,216,246,00020.jpg,1920,1080
fish,235,100,00020.jpg,1920,1080
fish,20,83,00020.jpg,1920,1080
fish,383,145,00020.jpg,1920,1080
fish,469,142,00020.jpg,1920,1080
fish,588,91,00020.jpg,1920,1080
fish,599,182,00020.jpg,1920,1080
fish,599,236,00020.jpg,1920,1080
fish,660,230,00020.jpg,1920,1080
fish,524,305,00020.jpg,1920,1080
fish,601,360,00020.jpg,1920,1080
fish,500,527,00020.jpg,1920,1080
fish,728,771,00020.jpg,1920,1080
fish,882,277,00020.jpg,1920,1080
fish,797,200,00020.jpg,1920,1080
fish,863,55,00020.jpg,1920,1080
fish,1147,75,00020.jpg,1920,1080
fish,1202,208,00020.jpg,1920,1080
fish,1125,324,00020.jpg,1920,1080
fish,1064,362,00020.jpg,1920,1080
fish,1393,98,00020.jpg,1920,1080
fish,1327,23,00020.jpg,1920,1080
fish,1693,158,00020.jpg,1920,1080
fish,1642,243,00020.jpg,1920,1080
fish,1432,398,00020.jpg,1920,1080
fish,1545,517,00020.jpg,1920,1080
fish,1867,459,00020.jpg,1920,1080
fish,1903,69,00020.jpg,1920,1080
fish,191,105,00021.jpg,1920,1080
fish,118,136,00021.jpg,1920,1080
fish,9,106,00021.jpg,1920,1080
fish,61,324,00021.jpg,1920,1080
fish,204,756,00021.jpg,1920,1080
fish,246,928,00021.jpg,1920,1080
fish,205,1036,00021.jpg,1920,1080
fish,259,160,00021.jpg,1920,1080
fish,340,246,00021.jpg,1920,1080
fish,359,178,00021.jpg,1920,1080
fish,373,40,00021.jpg,1920,1080
fish,249,39,00021.jpg,1920,1080
fish,505,178,00021.jpg,1920,1080
fish,475,160,00021.jpg,1920,1080
fish,482,257,00021.jpg,1920,1080
fish,475,370,00021.jpg,1920,1080
fish,555,545,00021.jpg,1920,1080
fish,695,321,00021.jpg,1920,1080
fish,762,273,00021.jpg,1920,1080
fish,714,163,00021.jpg,1920,1080
fish,744,117,00021.jpg,1920,1080
fish,704,58,00021.jpg,1920,1080
fish,960,105,00021.jpg,1920,1080
fish,908,108,00021.jpg,1920,1080
fish,958,12,00021.jpg,1920,1080
fish,1059,72,00021.jpg,1920,1080
fish,1032,225,00021.jpg,1920,1080
fish,891,200,00021.jpg,1920,1080
fish,1045,392,00021.jpg,1920,1080
fish,1159,288,00021.jpg,1920,1080
fish,1225,280,00021.jpg,1920,1080
fish,1349,204,00021.jpg,1920,1080
fish,1241,12,00021.jpg,1920,1080
fish,1448,114,00021.jpg,1920,1080
fish,1399,337,00021.jpg,1920,1080
fish,1578,353,00021.jpg,1920,1080
fish,1620,555,00021.jpg,1920,1080
fish,1716,186,00021.jpg,1920,1080
fish,1689,75,00021.jpg,1920,1080
fish,1788,11,00021.jpg,1920,1080
fish,1903,37,00021.jpg,1920,1080
fish,1595,18,00021.jpg,1920,1080
fish,894,1065,00021.jpg,1920,1080
fish,71,186,00022.jpg,1920,1080
fish,41,244,00022.jpg,1920,1080
fish,125,323,00022.jpg,1920,1080
fish,314,202,00022.jpg,1920,1080
fish,447,265,00022.jpg,1920,1080
fish,602,61,00022.jpg,1920,1080
fish,668,95,00022.jpg,1920,1080
fish,642,116,00022.jpg,1920,1080
fish,770,130,00022.jpg,1920,1080
fish,762,102,00022.jpg,1920,1080
fish,842,28,00022.jpg,1920,1080
fish,968,26,00022.jpg,1920,1080
fish,946,152,00022.jpg,1920,1080
fish,889,191,00022.jpg,1920,1080
fish,781,178,00022.jpg,1920,1080
fish,712,268,00022.jpg,1920,1080
fish,682,310,00022.jpg,1920,1080
fish,704,400,00022.jpg,1920,1080
fish,808,329,00022.jpg,1920,1080
fish,1112,324,00022.jpg,1920,1080
fish,1009,204,00022.jpg,1920,1080
fish,1133,205,00022.jpg,1920,1080
fish,1123,142,00022.jpg,1920,1080
fish,1089,94,00022.jpg,1920,1080
fish,1170,28,00022.jpg,1920,1080
fish,1277,69,00022.jpg,1920,1080
fish,1368,23,00022.jpg,1920,1080
fish,1409,31,00022.jpg,1920,1080
fish,1297,219,00022.jpg,1920,1080
fish,1396,171,00022.jpg,1920,1080
fish,1562,208,00022.jpg,1920,1080
fish,1529,116,00022.jpg,1920,1080
fish,1594,69,00022.jpg,1920,1080
fish,1520,22,00022.jpg,1920,1080
fish,1653,78,00022.jpg,1920,1080
fish,1757,22,00022.jpg,1920,1080
fish,1773,75,00022.jpg,1920,1080
fish,1724,130,00022.jpg,1920,1080
fish,1901,153,00022.jpg,1920,1080
fish,1758,291,00022.jpg,1920,1080
fish,1584,629,00022.jpg,1920,1080
fish,1344,917,00022.jpg,1920,1080
fish,1109,861,00022.jpg,1920,1080
fish,936,1063,00022.jpg,1920,1080
fish,144,914,00023.jpg,1920,1080
fish,1043,1025,00023.jpg,1920,1080
fish,49,509,00023.jpg,1920,1080
fish,38,218,00023.jpg,1920,1080
fish,198,241,00023.jpg,1920,1080
fish,315,320,00023.jpg,1920,1080
fish,356,269,00023.jpg,1920,1080
fish,369,150,00023.jpg,1920,1080
fish,378,83,00023.jpg,1920,1080
fish,442,142,00023.jpg,1920,1080
fish,497,69,00023.jpg,1920,1080
fish,593,56,00023.jpg,1920,1080
fish,632,172,00023.jpg,1920,1080
fish,547,411,00023.jpg,1920,1080
fish,453,481,00023.jpg,1920,1080
fish,424,456,00023.jpg,1920,1080
fish,373,502,00023.jpg,1920,1080
fish,671,349,00023.jpg,1920,1080
fish,897,277,00023.jpg,1920,1080
fish,836,113,00023.jpg,1920,1080
fish,830,158,00023.jpg,1920,1080
fish,932,128,00023.jpg,1920,1080
fish,995,81,00023.jpg,1920,1080
fish,1209,64,00023.jpg,1920,1080
fish,1059,131,00023.jpg,1920,1080
fish,962,189,00023.jpg,1920,1080
fish,1078,189,00023.jpg,1920,1080
fish,1302,188,00023.jpg,1920,1080
fish,1159,342,00023.jpg,1920,1080
fish,1307,280,00023.jpg,1920,1080
fish,1324,130,00023.jpg,1920,1080
fish,1581,89,00023.jpg,1920,1080
fish,1580,133,00023.jpg,1920,1080
fish,1718,78,00023.jpg,1920,1080
fish,1832,138,00023.jpg,1920,1080
fish,1901,105,00023.jpg,1920,1080
fish,1901,417,00023.jpg,1920,1080
fish,1697,426,00023.jpg,1920,1080
fish,1586,285,00023.jpg,1920,1080
fish,1512,269,00023.jpg,1920,1080
fish,1479,302,00023.jpg,1920,1080
fish,75,224,00024.jpg,1920,1080
fish,30,122,00024.jpg,1920,1080
fish,226,420,00024.jpg,1920,1080
fish,162,597,00024.jpg,1920,1080
fish,58,985,00024.jpg,1920,1080
fish,662,996,00024.jpg,1920,1080
fish,1525,806,00024.jpg,1920,1080
fish,1412,658,00024.jpg,1920,1080
fish,334,114,00024.jpg,1920,1080
fish,430,111,00024.jpg,1920,1080
fish,326,34,00024.jpg,1920,1080
fish,315,230,00024.jpg,1920,1080
fish,405,251,00024.jpg,1920,1080
fish,420,342,00024.jpg,1920,1080
fish,551,276,00024.jpg,1920,1080
fish,660,144,00024.jpg,1920,1080
fish,618,153,00024.jpg,1920,1080
fish,679,116,00024.jpg,1920,1080
fish,668,191,00024.jpg,1920,1080
fish,714,257,00024.jpg,1920,1080
fish,609,345,00024.jpg,1920,1080
fish,656,456,00024.jpg,1920,1080
fish,813,500,00024.jpg,1920,1080
fish,714,508,00024.jpg,1920,1080
fish,875,244,00024.jpg,1920,1080
fish,811,103,00024.jpg,1920,1080
fish,951,109,00024.jpg,1920,1080
fish,976,174,00024.jpg,1920,1080
fish,1048,216,00024.jpg,1920,1080
fish,1162,390,00024.jpg,1920,1080
fish,1263,111,00024.jpg,1920,1080
fish,1365,26,00024.jpg,1920,1080
fish,1393,127,00024.jpg,1920,1080
fish,1385,458,00024.jpg,1920,1080
fish,1583,461,00024.jpg,1920,1080
fish,1647,414,00024.jpg,1920,1080
fish,1693,309,00024.jpg,1920,1080
fish,1845,299,00024.jpg,1920,1080
fish,1862,238,00024.jpg,1920,1080
fish,1896,103,00024.jpg,1920,1080
fish,1829,12,00024.jpg,1920,1080
fish,1609,39,00024.jpg,1920,1080
fish,1710,138,00024.jpg,1920,1080
fish,1534,144,00024.jpg,1920,1080
fish,1153,699,00025.jpg,1920,1080
fish,1114,420,00025.jpg,1920,1080
fish,162,977,00025.jpg,1920,1080
fish,1904,844,00025.jpg,1920,1080
fish,1448,174,00025.jpg,1920,1080
fish,1603,109,00025.jpg,1920,1080
fish,1826,7,00025.jpg,1920,1080
fish,1901,83,00025.jpg,1920,1080
fish,1410,72,00025.jpg,1920,1080
fish,1175,109,00025.jpg,1920,1080
fish,1158,224,00025.jpg,1920,1080
fish,1245,211,00025.jpg,1920,1080
fish,1329,111,00025.jpg,1920,1080
fish,1111,80,00025.jpg,1920,1080
fish,1070,120,00025.jpg,1920,1080
fish,977,161,00025.jpg,1920,1080
fish,897,91,00025.jpg,1920,1080
fish,850,33,00025.jpg,1920,1080
fish,824,128,00025.jpg,1920,1080
fish,803,200,00025.jpg,1920,1080
fish,701,316,00025.jpg,1920,1080
fish,747,434,00025.jpg,1920,1080
fish,486,251,00025.jpg,1920,1080
fish,449,125,00025.jpg,1920,1080
fish,558,76,00025.jpg,1920,1080
fish,609,53,00025.jpg,1920,1080
fish,463,58,00025.jpg,1920,1080
fish,508,20,00025.jpg,1920,1080
fish,303,44,00025.jpg,1920,1080
fish,325,111,00025.jpg,1920,1080
fish,243,142,00025.jpg,1920,1080
fish,273,204,00025.jpg,1920,1080
fish,71,191,00025.jpg,1920,1080
fish,19,295,00025.jpg,1920,1080
fish,168,982,00026.jpg,1920,1080
fish,141,633,00026.jpg,1920,1080
fish,348,530,00026.jpg,1920,1080
fish,422,417,00026.jpg,1920,1080
fish,364,340,00026.jpg,1920,1080
fish,345,315,00026.jpg,1920,1080
fish,329,219,00026.jpg,1920,1080
fish,188,364,00026.jpg,1920,1080
fish,450,313,00026.jpg,1920,1080
fish,521,222,00026.jpg,1920,1080
fish,618,125,00026.jpg,1920,1080
fish,635,9,00026.jpg,1920,1080
fish,806,12,00026.jpg,1920,1080
fish,924,155,00026.jpg,1920,1080
fish,739,420,00026.jpg,1920,1080
fish,739,588,00026.jpg,1920,1080
fish,616,757,00026.jpg,1920,1080
fish,1038,688,00026.jpg,1920,1080
fish,1435,991,00026.jpg,1920,1080
fish,1260,418,00026.jpg,1920,1080
fish,965,338,00026.jpg,1920,1080
fish,1104,254,00026.jpg,1920,1080
fish,1095,301,00026.jpg,1920,1080
fish,1120,142,00026.jpg,1920,1080
fish,1245,111,00026.jpg,1920,1080
fish,1294,34,00026.jpg,1920,1080
fish,1310,235,00026.jpg,1920,1080
fish,1435,186,00026.jpg,1920,1080
fish,1489,105,00026.jpg,1920,1080
fish,1440,17,00026.jpg,1920,1080
fish,1564,18,00026.jpg,1920,1080
fish,1711,23,00026.jpg,1920,1080
fish,1804,67,00026.jpg,1920,1080
fish,1765,33,00026.jpg,1920,1080
fish,1515,236,00026.jpg,1920,1080
fish,1682,293,00026.jpg,1920,1080
fish,1876,258,00026.jpg,1920,1080
fish,1878,182,00026.jpg,1920,1080
fish,1901,26,00026.jpg,1920,1080
fish,1711,732,00027.jpg,1920,1080
fish,141,389,00027.jpg,1920,1080
fish,63,945,00027.jpg,1920,1080
fish,731,782,00027.jpg,1920,1080
fish,612,467,00027.jpg,1920,1080
fish,420,450,00027.jpg,1920,1080
fish,460,293,00027.jpg,1920,1080
fish,461,92,00027.jpg,1920,1080
fish,334,39,00027.jpg,1920,1080
fish,620,70,00027.jpg,1920,1080
fish,648,169,00027.jpg,1920,1080
fish,765,216,00027.jpg,1920,1080
fish,767,368,00027.jpg,1920,1080
fish,877,156,00027.jpg,1920,1080
fish,921,86,00027.jpg,1920,1080
fish,856,37,00027.jpg,1920,1080
fish,1109,69,00027.jpg,1920,1080
fish,1236,249,00027.jpg,1920,1080
fish,1395,138,00027.jpg,1920,1080
fish,1426,108,00027.jpg,1920,1080
fish,1518,69,00027.jpg,1920,1080
fish,1476,25,00027.jpg,1920,1080
fish,1427,9,00027.jpg,1920,1080
fish,1611,53,00027.jpg,1920,1080
fish,1531,130,00027.jpg,1920,1080
fish,1611,142,00027.jpg,1920,1080
fish,1688,160,00027.jpg,1920,1080
fish,1834,45,00027.jpg,1920,1080
fish,1785,273,00027.jpg,1920,1080
fish,1799,320,00027.jpg,1920,1080
fish,1079,15,00027.jpg,1920,1080
fish,72,952,00028.jpg,1920,1080
fish,122,433,00028.jpg,1920,1080
fish,31,202,00028.jpg,1920,1080
fish,104,84,00028.jpg,1920,1080
fish,93,131,00028.jpg,1920,1080
fish,182,67,00028.jpg,1920,1080
fish,284,124,00028.jpg,1920,1080
fish,394,103,00028.jpg,1920,1080
fish,67,269,00028.jpg,1920,1080
fish,152,235,00028.jpg,1920,1080
fish,424,273,00028.jpg,1920,1080
fish,436,313,00028.jpg,1920,1080
fish,482,258,00028.jpg,1920,1080
fish,584,1016,00028.jpg,1920,1080
fish,954,1076,00028.jpg,1920,1080
fish,605,456,00028.jpg,1920,1080
fish,587,280,00028.jpg,1920,1080
fish,725,215,00028.jpg,1920,1080
fish,609,28,00028.jpg,1920,1080
fish,852,155,00028.jpg,1920,1080
fish,985,89,00028.jpg,1920,1080
fish,941,39,00028.jpg,1920,1080
fish,985,166,00028.jpg,1920,1080
fish,974,200,00028.jpg,1920,1080
fish,736,403,00028.jpg,1920,1080
fish,762,508,00028.jpg,1920,1080
fish,944,459,00028.jpg,1920,1080
fish,1101,172,00028.jpg,1920,1080
fish,1200,131,00028.jpg,1920,1080
fish,1434,69,00028.jpg,1920,1080
fish,1340,147,00028.jpg,1920,1080
fish,1523,138,00028.jpg,1920,1080
fish,1906,229,00028.jpg,1920,1080
fish,1553,688,00028.jpg,1920,1080
fish,99,1002,00029.jpg,1920,1080
fish,813,807,00029.jpg,1920,1080
fish,960,597,00029.jpg,1920,1080
fish,1269,756,00029.jpg,1920,1080
fish,538,465,00029.jpg,1920,1080
fish,342,321,00029.jpg,1920,1080
fish,422,252,00029.jpg,1920,1080
fish,350,246,00029.jpg,1920,1080
fish,234,199,00029.jpg,1920,1080
fish,220,135,00029.jpg,1920,1080
fish,218,92,00029.jpg,1920,1080
fish,74,69,00029.jpg,1920,1080
fish,376,28,00029.jpg,1920,1080
fish,687,152,00029.jpg,1920,1080
fish,541,210,00029.jpg,1920,1080
fish,646,105,00029.jpg,1920,1080
fish,767,75,00029.jpg,1920,1080
fish,885,102,00029.jpg,1920,1080
fish,855,252,00029.jpg,1920,1080
fish,988,221,00029.jpg,1920,1080
fish,1040,196,00029.jpg,1920,1080
fish,1002,334,00029.jpg,1920,1080
fish,1125,163,00029.jpg,1920,1080
fish,1151,125,00029.jpg,1920,1080
fish,930,40,00029.jpg,1920,1080
fish,1060,42,00029.jpg,1920,1080
fish,1242,44,00029.jpg,1920,1080
fish,1283,89,00029.jpg,1920,1080
fish,1272,139,00029.jpg,1920,1080
fish,1214,80,00029.jpg,1920,1080
fish,1164,25,00029.jpg,1920,1080
fish,1434,53,00029.jpg,1920,1080
fish,1313,235,00029.jpg,1920,1080
fish,1587,186,00029.jpg,1920,1080
fish,1653,120,00029.jpg,1920,1080
fish,1633,62,00029.jpg,1920,1080
fish,1890,135,00029.jpg,1920,1080
fish,1835,241,00029.jpg,1920,1080
fish,1346,567,00029.jpg,1920,1080
fish,1595,481,00029.jpg,1920,1080
fish,238,411,00030.jpg,1920,1080
fish,22,364,00030.jpg,1920,1080
fish,270,1060,00030.jpg,1920,1080
fish,414,616,00030.jpg,1920,1080
fish,659,547,00030.jpg,1920,1080
fish,482,453,00030.jpg,1920,1080
fish,1145,955,00030.jpg,1920,1080
fish,949,862,00030.jpg,1920,1080
fish,1747,795,00030.jpg,1920,1080
fish,1736,566,00030.jpg,1920,1080
fish,1605,462,00030.jpg,1920,1080
fish,1459,445,00030.jpg,1920,1080
fish,1496,390,00030.jpg,1920,1080
fish,1719,238,00030.jpg,1920,1080
fish,1804,188,00030.jpg,1920,1080
fish,1854,130,00030.jpg,1920,1080
fish,1893,36,00030.jpg,1920,1080
fish,1762,39,00030.jpg,1920,1080
fish,1550,69,00030.jpg,1920,1080
fish,1536,147,00030.jpg,1920,1080
fish,1318,194,00030.jpg,1920,1080
fish,1202,189,00030.jpg,1920,1080
fish,1261,125,00030.jpg,1920,1080
fish,1045,152,00030.jpg,1920,1080
fish,979,111,00030.jpg,1920,1080
fish,1129,12,00030.jpg,1920,1080
fish,671,91,00030.jpg,1920,1080
fish,858,164,00030.jpg,1920,1080
fish,889,340,00030.jpg,1920,1080
fish,613,271,00030.jpg,1920,1080
fish,538,254,00030.jpg,1920,1080
fish,540,326,00030.jpg,1920,1080
fish,461,291,00030.jpg,1920,1080
fish,249,119,00030.jpg,1920,1080
fish,50,87,00031.jpg,1920,1080
fish,30,14,00031.jpg,1920,1080
fish,39,188,00031.jpg,1920,1080
fish,64,949,00031.jpg,1920,1080
fish,285,1068,00031.jpg,1920,1080
fish,987,1007,00031.jpg,1920,1080
fish,1809,680,00031.jpg,1920,1080
fish,1887,368,00031.jpg,1920,1080
fish,1388,500,00031.jpg,1920,1080
fish,376,91,00031.jpg,1920,1080
fish,328,197,00031.jpg,1920,1080
fish,387,295,00031.jpg,1920,1080
fish,533,326,00031.jpg,1920,1080
fish,656,124,00031.jpg,1920,1080
fish,670,72,00031.jpg,1920,1080
fish,569,97,00031.jpg,1920,1080
fish,555,131,00031.jpg,1920,1080
fish,685,180,00031.jpg,1920,1080
fish,593,174,00031.jpg,1920,1080
fish,811,161,00031.jpg,1920,1080
fish,776,222,00031.jpg,1920,1080
fish,786,277,00031.jpg,1920,1080
fish,905,144,00031.jpg,1920,1080
fish,918,28,00031.jpg,1920,1080
fish,999,144,00031.jpg,1920,1080
fish,1021,183,00031.jpg,1920,1080
fish,960,189,00031.jpg,1920,1080
fish,1100,213,00031.jpg,1920,1080
fish,1031,327,00031.jpg,1920,1080
fish,1315,273,00031.jpg,1920,1080
fish,1412,232,00031.jpg,1920,1080
fish,1217,144,00031.jpg,1920,1080
fish,1357,84,00031.jpg,1920,1080
fish,1139,42,00031.jpg,1920,1080
fish,1544,33,00031.jpg,1920,1080
fish,1619,76,00031.jpg,1920,1080
fish,1609,135,00031.jpg,1920,1080
fish,1791,67,00031.jpg,1920,1080
fish,1716,232,00031.jpg,1920,1080
fish,1779,200,00031.jpg,1920,1080
fish,135,349,00032.jpg,1920,1080
fish,33,295,00032.jpg,1920,1080
fish,49,269,00032.jpg,1920,1080
fish,107,75,00032.jpg,1920,1080
fish,45,95,00032.jpg,1920,1080
fish,215,150,00032.jpg,1920,1080
fish,450,72,00032.jpg,1920,1080
fish,326,39,00032.jpg,1920,1080
fish,347,116,00032.jpg,1920,1080
fish,595,136,00032.jpg,1920,1080
fish,466,273,00032.jpg,1920,1080
fish,364,505,00032.jpg,1920,1080
fish,174,585,00032.jpg,1920,1080
fish,474,845,00032.jpg,1920,1080
fish,138,1032,00032.jpg,1920,1080
fish,1043,737,00032.jpg,1920,1080
fish,1093,613,00032.jpg,1920,1080
fish,1277,498,00032.jpg,1920,1080
fish,1445,373,00032.jpg,1920,1080
fish,1176,284,00032.jpg,1920,1080
fish,1007,251,00032.jpg,1920,1080
fish,1084,174,00032.jpg,1920,1080
fish,1118,125,00032.jpg,1920,1080
fish,1049,106,00032.jpg,1920,1080
fish,1012,39,00032.jpg,1920,1080
fish,1225,15,00032.jpg,1920,1080
fish,1173,218,00032.jpg,1920,1080
fish,1315,109,00032.jpg,1920,1080
fish,1429,102,00032.jpg,1920,1080
fish,1429,164,00032.jpg,1920,1080
fish,1396,197,00032.jpg,1920,1080
fish,1448,25,00032.jpg,1920,1080
fish,1688,94,00032.jpg,1920,1080
fish,1904,70,00032.jpg,1920,1080
fish,1768,244,00032.jpg,1920,1080
fish,1685,316,00032.jpg,1920,1080
fish,31,174,00033.jpg,1920,1080
fish,89,111,00033.jpg,1920,1080
fish,242,114,00033.jpg,1920,1080
fish,253,51,00033.jpg,1920,1080
fish,329,174,00033.jpg,1920,1080
fish,275,459,00033.jpg,1920,1080
fish,25,983,00033.jpg,1920,1080
fish,136,1041,00033.jpg,1920,1080
fish,262,1063,00033.jpg,1920,1080
fish,574,335,00033.jpg,1920,1080
fish,497,230,00033.jpg,1920,1080
fish,485,182,00033.jpg,1920,1080
fish,541,103,00033.jpg,1920,1080
fish,605,83,00033.jpg,1920,1080
fish,673,56,00033.jpg,1920,1080
fish,576,34,00033.jpg,1920,1080
fish,684,136,00033.jpg,1920,1080
fish,714,183,00033.jpg,1920,1080
fish,596,155,00033.jpg,1920,1080
fish,722,241,00033.jpg,1920,1080
fish,750,359,00033.jpg,1920,1080
fish,944,287,00033.jpg,1920,1080
fish,1027,114,00033.jpg,1920,1080
fish,1002,59,00033.jpg,1920,1080
fish,1184,81,00033.jpg,1920,1080
fish,1125,155,00033.jpg,1920,1080
fish,1186,266,00033.jpg,1920,1080
fish,1090,235,00033.jpg,1920,1080
fish,1282,138,00033.jpg,1920,1080
fish,1249,37,00033.jpg,1920,1080
fish,1318,62,00033.jpg,1920,1080
fish,1515,141,00033.jpg,1920,1080
fish,1482,80,00033.jpg,1920,1080
fish,1743,58,00033.jpg,1920,1080
fish,1595,18,00033.jpg,1920,1080
fish,1468,236,00033.jpg,1920,1080
fish,1304,327,00033.jpg,1920,1080
fish,1537,345,00033.jpg,1920,1080
fish,1649,578,00033.jpg,1920,1080
fish,1816,290,00033.jpg,1920,1080
fish,1708,160,00033.jpg,1920,1080
fish,135,161,00034.jpg,1920,1080
fish,52,246,00034.jpg,1920,1080
fish,16,117,00034.jpg,1920,1080
fish,209,133,00034.jpg,1920,1080
fish,212,50,00034.jpg,1920,1080
fish,386,97,00034.jpg,1920,1080
fish,400,213,00034.jpg,1920,1080
fish,420,334,00034.jpg,1920,1080
fish,30,989,00034.jpg,1920,1080
fish,143,1027,00034.jpg,1920,1080
fish,333,1033,00034.jpg,1920,1080
fish,384,533,00034.jpg,1920,1080
fish,547,495,00034.jpg,1920,1080
fish,463,290,00034.jpg,1920,1080
fish,580,282,00034.jpg,1920,1080
fish,676,205,00034.jpg,1920,1080
fish,728,378,00034.jpg,1920,1080
fish,772,102,00034.jpg,1920,1080
fish,635,53,00034.jpg,1920,1080
fish,958,113,00034.jpg,1920,1080
fish,908,76,00034.jpg,1920,1080
fish,984,389,00034.jpg,1920,1080
fish,1115,255,00034.jpg,1920,1080
fish,1228,225,00034.jpg,1920,1080
fish,1308,186,00034.jpg,1920,1080
fish,1145,86,00034.jpg,1920,1080
fish,1242,94,00034.jpg,1920,1080
fish,1253,25,00034.jpg,1920,1080
fish,1443,59,00034.jpg,1920,1080
fish,1272,97,00034.jpg,1920,1080
fish,1548,136,00034.jpg,1920,1080
fish,1517,221,00034.jpg,1920,1080
fish,1620,83,00034.jpg,1920,1080
fish,1718,18,00034.jpg,1920,1080
fish,1906,26,00034.jpg,1920,1080
fish,1788,365,00034.jpg,1920,1080
fish,1733,136,00034.jpg,1920,1080
fish,63,236,00035.jpg,1920,1080
fish,116,371,00035.jpg,1920,1080
fish,133,1027,00035.jpg,1920,1080
fish,331,1040,00035.jpg,1920,1080
fish,198,371,00035.jpg,1920,1080
fish,248,290,00035.jpg,1920,1080
fish,311,169,00035.jpg,1920,1080
fish,312,78,00035.jpg,1920,1080
fish,386,75,00035.jpg,1920,1080
fish,158,37,00035.jpg,1920,1080
fish,383,152,00035.jpg,1920,1080
fish,529,200,00035.jpg,1920,1080
fish,489,316,00035.jpg,1920,1080
fish,615,81,00035.jpg,1920,1080
fish,518,25,00035.jpg,1920,1080
fish,687,375,00035.jpg,1920,1080
fish,613,182,00035.jpg,1920,1080
fish,605,453,00035.jpg,1920,1080
fish,756,484,00035.jpg,1920,1080
fish,739,305,00035.jpg,1920,1080
fish,787,188,00035.jpg,1920,1080
fish,835,98,00035.jpg,1920,1080
fish,1075,221,00035.jpg,1920,1080
fish,891,29,00035.jpg,1920,1080
fish,1004,155,00035.jpg,1920,1080
fish,938,254,00035.jpg,1920,1080
fish,910,183,00035.jpg,1920,1080
fish,787,125,00035.jpg,1920,1080
fish,941,298,00035.jpg,1920,1080
fish,913,331,00035.jpg,1920,1080
fish,1324,169,00035.jpg,1920,1080
fish,1189,20,00035.jpg,1920,1080
fish,1404,6,00035.jpg,1920,1080
fish,1454,37,00035.jpg,1920,1080
fish,1520,58,00035.jpg,1920,1080
fish,1622,11,00035.jpg,1920,1080
fish,1796,33,00035.jpg,1920,1080
fish,1693,106,00035.jpg,1920,1080
fish,1733,144,00035.jpg,1920,1080
fish,1459,227,00035.jpg,1920,1080
fish,1421,368,00035.jpg,1920,1080
fish,1358,552,00035.jpg,1920,1080
fish,1810,282,00035.jpg,1920,1080
fish,1864,577,00035.jpg,1920,1080
fish,22,191,00036.jpg,1920,1080
fish,290,240,00036.jpg,1920,1080
fish,168,1058,00036.jpg,1920,1080
fish,318,1044,00036.jpg,1920,1080
fish,47,64,00036.jpg,1920,1080
fish,240,183,00036.jpg,1920,1080
fish,298,185,00036.jpg,1920,1080
fish,182,379,00036.jpg,1920,1080
fish,339,113,00036.jpg,1920,1080
fish,408,130,00036.jpg,1920,1080
fish,518,53,00036.jpg,1920,1080
fish,609,276,00036.jpg,1920,1080
fish,573,315,00036.jpg,1920,1080
fish,780,348,00036.jpg,1920,1080
fish,813,210,00036.jpg,1920,1080
fish,930,271,00036.jpg,1920,1080
fish,1012,310,00036.jpg,1920,1080
fish,894,387,00036.jpg,1920,1080
fish,897,116,00036.jpg,1920,1080
fish,938,7,00036.jpg,1920,1080
fish,1186,22,00036.jpg,1920,1080
fish,1187,106,00036.jpg,1920,1080
fish,1214,249,00036.jpg,1920,1080
fish,1296,97,00036.jpg,1920,1080
fish,1305,72,00036.jpg,1920,1080
fish,1432,100,00036.jpg,1920,1080
fish,1589,34,00036.jpg,1920,1080
fish,1685,37,00036.jpg,1920,1080
fish,1762,59,00036.jpg,1920,1080
fish,1678,169,00036.jpg,1920,1080
fish,1763,734,00036.jpg,1920,1080
fish,1909,135,00036.jpg,1920,1080
fish,309,257,00037.jpg,1920,1080
fish,185,817,00037.jpg,1920,1080
fish,176,1046,00037.jpg,1920,1080
fish,328,1038,00037.jpg,1920,1080
fish,41,122,00037.jpg,1920,1080
fish,384,61,00037.jpg,1920,1080
fish,841,22,00037.jpg,1920,1080
fish,775,100,00037.jpg,1920,1080
fish,582,236,00037.jpg,1920,1080
fish,604,362,00037.jpg,1920,1080
fish,792,345,00037.jpg,1920,1080
fish,853,247,00037.jpg,1920,1080
fish,916,280,00037.jpg,1920,1080
fish,781,221,00037.jpg,1920,1080
fish,775,185,00037.jpg,1920,1080
fish,882,135,00037.jpg,1920,1080
fish,1035,97,00037.jpg,1920,1080
fish,1106,172,00037.jpg,1920,1080
fish,1208,72,00037.jpg,1920,1080
fish,1255,152,00037.jpg,1920,1080
fish,1040,221,00037.jpg,1920,1080
fish,1197,332,00037.jpg,1920,1080
fish,1313,225,00037.jpg,1920,1080
fish,1227,240,00037.jpg,1920,1080
fish,1329,120,00037.jpg,1920,1080
fish,1416,106,00037.jpg,1920,1080
fish,1473,31,00037.jpg,1920,1080
fish,1459,188,00037.jpg,1920,1080
fish,1656,191,00037.jpg,1920,1080
fish,1749,73,00037.jpg,1920,1080
fish,1798,124,00037.jpg,1920,1080
fish,1890,20,00037.jpg,1920,1080
fish,63,58,00038.jpg,1920,1080
fish,149,164,00038.jpg,1920,1080
fish,179,1043,00038.jpg,1920,1080
fish,334,1030,00038.jpg,1920,1080
fish,1004,688,00038.jpg,1920,1080
fish,1012,600,00038.jpg,1920,1080
fish,615,384,00038.jpg,1920,1080
fish,483,262,00038.jpg,1920,1080
fish,395,229,00038.jpg,1920,1080
fish,369,73,00038.jpg,1920,1080
fish,485,145,00038.jpg,1920,1080
fish,530,61,00038.jpg,1920,1080
fish,696,86,00038.jpg,1920,1080
fish,638,145,00038.jpg,1920,1080
fish,797,47,00038.jpg,1920,1080
fish,863,122,00038.jpg,1920,1080
fish,916,15,00038.jpg,1920,1080
fish,1010,64,00038.jpg,1920,1080
fish,980,207,00038.jpg,1920,1080
fish,1026,296,00038.jpg,1920,1080
fish,1009,340,00038.jpg,1920,1080
fish,1291,222,00038.jpg,1920,1080
fish,1224,17,00038.jpg,1920,1080
fish,1399,103,00038.jpg,1920,1080
fish,1401,47,00038.jpg,1920,1080
fish,1352,40,00038.jpg,1920,1080
fish,1399,197,00038.jpg,1920,1080
fish,1515,225,00038.jpg,1920,1080
fish,1678,318,00038.jpg,1920,1080
fish,1727,288,00038.jpg,1920,1080
fish,1740,211,00038.jpg,1920,1080
fish,1834,152,00038.jpg,1920,1080
fish,1694,111,00038.jpg,1920,1080
fish,1722,20,00038.jpg,1920,1080
fish,1878,34,00038.jpg,1920,1080
fish,169,1046,00039.jpg,1920,1080
fish,340,1035,00039.jpg,1920,1080
fish,631,1043,00039.jpg,1920,1080
fish,878,942,00039.jpg,1920,1080
fish,1038,986,00039.jpg,1920,1080
fish,155,327,00039.jpg,1920,1080
fish,88,76,00039.jpg,1920,1080
fish,185,98,00039.jpg,1920,1080
fish,293,89,00039.jpg,1920,1080
fish,478,189,00039.jpg,1920,1080
fish,334,305,00039.jpg,1920,1080
fish,289,354,00039.jpg,1920,1080
fish,568,349,00039.jpg,1920,1080
fish,547,547,00039.jpg,1920,1080
fish,1043,517,00039.jpg,1920,1080
fish,1114,651,00039.jpg,1920,1080
fish,1649,353,00039.jpg,1920,1080
fish,536,135,00039.jpg,1920,1080
fish,640,69,00039.jpg,1920,1080
fish,659,182,00039.jpg,1920,1080
fish,833,106,00039.jpg,1920,1080
fish,996,194,00039.jpg,1920,1080
fish,1021,291,00039.jpg,1920,1080
fish,1144,227,00039.jpg,1920,1080
fish,1048,379,00039.jpg,1920,1080
fish,1343,58,00039.jpg,1920,1080
fish,1338,197,00039.jpg,1920,1080
fish,1448,164,00039.jpg,1920,1080
fish,1620,120,00039.jpg,1920,1080
fish,1730,73,00039.jpg,1920,1080
fish,1798,31,00039.jpg,1920,1080
fish,1890,64,00039.jpg,1920,1080
fish,121,149,00040.jpg,1920,1080
fish,64,177,00040.jpg,1920,1080
fish,33,204,00040.jpg,1920,1080
fish,224,103,00040.jpg,1920,1080
fish,19,26,00040.jpg,1920,1080
fish,180,1040,00040.jpg,1920,1080
fish,322,1033,00040.jpg,1920,1080
fish,554,988,00040.jpg,1920,1080
fish,344,153,00040.jpg,1920,1080
fish,427,117,00040.jpg,1920,1080
fish,386,138,00040.jpg,1920,1080
fish,552,80,00040.jpg,1920,1080
fish,579,171,00040.jpg,1920,1080
fish,499,268,00040.jpg,1920,1080
fish,744,86,00040.jpg,1920,1080
fish,718,422,00040.jpg,1920,1080
fish,773,522,00040.jpg,1920,1080
fish,905,127,00040.jpg,1920,1080
fish,893,70,00040.jpg,1920,1080
fish,1079,15,00040.jpg,1920,1080
fish,1294,22,00040.jpg,1920,1080
fish,1349,64,00040.jpg,1920,1080
fish,1225,113,00040.jpg,1920,1080
fish,1195,95,00040.jpg,1920,1080
fish,1278,276,00040.jpg,1920,1080
fish,1495,177,00040.jpg,1920,1080
fish,1440,108,00040.jpg,1920,1080
fish,1561,94,00040.jpg,1920,1080
fish,1642,36,00040.jpg,1920,1080
fish,1711,67,00040.jpg,1920,1080
fish,1741,40,00040.jpg,1920,1080
fish,1834,42,00040.jpg,1920,1080
fish,1765,17,00040.jpg,1920,1080
fish,1608,249,00040.jpg,1920,1080
fish,1658,320,00040.jpg,1920,1080
fish,1762,406,00040.jpg,1920,1080
fish,1843,337,00040.jpg,1920,1080
fish,1856,213,00040.jpg,1920,1080
fish,1909,313,00040.jpg,1920,1080
fish,14,34,00041.jpg,1920,1080
fish,14,222,00041.jpg,1920,1080
fish,169,117,00041.jpg,1920,1080
fish,303,48,00041.jpg,1920,1080
fish,380,64,00041.jpg,1920,1080
fish,350,141,00041.jpg,1920,1080
fish,334,320,00041.jpg,1920,1080
fish,31,1016,00041.jpg,1920,1080
fish,174,1051,00041.jpg,1920,1080
fish,314,1038,00041.jpg,1920,1080
fish,395,298,00041.jpg,1920,1080
fish,494,280,00041.jpg,1920,1080
fish,637,282,00041.jpg,1920,1080
fish,700,274,00041.jpg,1920,1080
fish,706,20,00041.jpg,1920,1080
fish,791,280,00041.jpg,1920,1080
fish,679,376,00041.jpg,1920,1080
fish,638,385,00041.jpg,1920,1080
fish,839,502,00041.jpg,1920,1080
fish,905,382,00041.jpg,1920,1080
fish,1093,459,00041.jpg,1920,1080
fish,1068,189,00041.jpg,1920,1080
fish,944,150,00041.jpg,1920,1080
fish,1026,108,00041.jpg,1920,1080
fish,993,61,00041.jpg,1920,1080
fish,1373,22,00041.jpg,1920,1080
fish,1021,11,00041.jpg,1920,1080
fish,1313,62,00041.jpg,1920,1080
fish,1277,127,00041.jpg,1920,1080
fish,1393,89,00041.jpg,1920,1080
fish,1396,144,00041.jpg,1920,1080
fish,1358,368,00041.jpg,1920,1080
fish,1418,517,00041.jpg,1920,1080
fish,1432,640,00041.jpg,1920,1080
fish,1747,542,00041.jpg,1920,1080
fish,1875,453,00041.jpg,1920,1080
fish,1678,167,00041.jpg,1920,1080
fish,1760,84,00041.jpg,1920,1080
fish,1663,91,00041.jpg,1920,1080
fish,1704,119,00041.jpg,1920,1080
fish,35,188,00042.jpg,1920,1080
fish,171,167,00042.jpg,1920,1080
fish,179,269,00042.jpg,1920,1080
fish,174,305,00042.jpg,1920,1080
fish,301,133,00042.jpg,1920,1080
fish,353,45,00042.jpg,1920,1080
fish,510,34,00042.jpg,1920,1080
fish,502,186,00042.jpg,1920,1080
fish,486,343,00042.jpg,1920,1080
fish,442,458,00042.jpg,1920,1080
fish,38,1015,00042.jpg,1920,1080
fish,171,1041,00042.jpg,1920,1080
fish,325,1030,00042.jpg,1920,1080
fish,334,1069,00042.jpg,1920,1080
fish,489,982,00042.jpg,1920,1080
fish,604,796,00042.jpg,1920,1080
fish,1032,1038,00042.jpg,1920,1080
fish,1291,707,00042.jpg,1920,1080
fish,1780,806,00042.jpg,1920,1080
fish,1911,644,00042.jpg,1920,1080
fish,850,472,00042.jpg,1920,1080
fish,660,508,00042.jpg,1920,1080
fish,497,549,00042.jpg,1920,1080
fish,734,417,00042.jpg,1920,1080
fish,656,318,00042.jpg,1920,1080
fish,794,225,00042.jpg,1920,1080
fish,726,180,00042.jpg,1920,1080
fish,682,128,00042.jpg,1920,1080
fish,723,105,00042.jpg,1920,1080
fish,842,84,00042.jpg,1920,1080
fish,899,185,00042.jpg,1920,1080
fish,952,150,00042.jpg,1920,1080
fish,1060,124,00042.jpg,1920,1080
fish,1139,119,00042.jpg,1920,1080
fish,1197,149,00042.jpg,1920,1080
fish,1109,177,00042.jpg,1920,1080
fish,1118,225,00042.jpg,1920,1080
fish,1235,15,00042.jpg,1920,1080
fish,1310,23,00042.jpg,1920,1080
fish,1616,51,00042.jpg,1920,1080
fish,1529,144,00042.jpg,1920,1080
fish,1493,183,00042.jpg,1920,1080
fish,1741,56,00042.jpg,1920,1080
fish,78,199,00043.jpg,1920,1080
fish,33,252,00043.jpg,1920,1080
fish,122,329,00043.jpg,1920,1080
fish,168,47,00043.jpg,1920,1080
fish,328,18,00043.jpg,1920,1080
fish,456,166,00043.jpg,1920,1080
fish,249,371,00043.jpg,1920,1080
fish,315,351,00043.jpg,1920,1080
fish,259,549,00043.jpg,1920,1080
fish,45,1002,00043.jpg,1920,1080
fish,188,1047,00043.jpg,1920,1080
fish,378,1038,00043.jpg,1920,1080
fish,518,804,00043.jpg,1920,1080
fish,670,516,00043.jpg,1920,1080
fish,924,691,00043.jpg,1920,1080
fish,419,406,00043.jpg,1920,1080
fish,620,266,00043.jpg,1920,1080
fish,549,196,00043.jpg,1920,1080
fish,566,155,00043.jpg,1920,1080
fish,615,87,00043.jpg,1920,1080
fish,852,194,00043.jpg,1920,1080
fish,792,327,00043.jpg,1920,1080
fish,1076,293,00043.jpg,1920,1080
fish,1267,188,00043.jpg,1920,1080
fish,1173,39,00043.jpg,1920,1080
fish,1082,604,00043.jpg,1920,1080
fish,1310,348,00043.jpg,1920,1080
fish,1319,481,00043.jpg,1920,1080
fish,1418,503,00043.jpg,1920,1080
fish,1578,484,00043.jpg,1920,1080
fish,1716,337,00043.jpg,1920,1080
fish,1713,175,00043.jpg,1920,1080
fish,1537,87,00043.jpg,1920,1080
fish,1556,50,00043.jpg,1920,1080
fish,1405,98,00043.jpg,1920,1080
fish,1628,516,00043.jpg,1920,1080
fish,1914,87,00043.jpg,1920,1080
fish,246,338,00044.jpg,1920,1080
fish,141,86,00044.jpg,1920,1080
fish,323,20,00044.jpg,1920,1080
fish,287,133,00044.jpg,1920,1080
fish,124,876,00044.jpg,1920,1080
fish,342,956,00044.jpg,1920,1080
fish,962,905,00044.jpg,1920,1080
fish,1035,699,00044.jpg,1920,1080
fish,640,556,00044.jpg,1920,1080
fish,675,508,00044.jpg,1920,1080
fish,704,572,00044.jpg,1920,1080
fish,383,360,00044.jpg,1920,1080
fish,588,324,00044.jpg,1920,1080
fish,519,249,00044.jpg,1920,1080
fish,555,158,00044.jpg,1920,1080
fish,659,163,00044.jpg,1920,1080
fish,596,188,00044.jpg,1920,1080
fish,593,378,00044.jpg,1920,1080
fish,943,53,00044.jpg,1920,1080
fish,450,23,00044.jpg,1920,1080
fish,1189,236,00044.jpg,1920,1080
fish,998,425,00044.jpg,1920,1080
fish,1267,36,00044.jpg,1920,1080
fish,1514,62,00044.jpg,1920,1080
fish,1479,108,00044.jpg,1920,1080
fish,1638,111,00044.jpg,1920,1080
fish,1724,18,00044.jpg,1920,1080
fish,1909,254,00044.jpg,1920,1080
fish,97,243,00045.jpg,1920,1080
fish,171,163,00045.jpg,1920,1080
fish,125,199,00045.jpg,1920,1080
fish,24,29,00045.jpg,1920,1080
fish,9,207,00045.jpg,1920,1080
fish,8,864,00045.jpg,1920,1080
fish,110,1021,00045.jpg,1920,1080
fish,174,1046,00045.jpg,1920,1080
fish,510,597,00045.jpg,1920,1080
fish,530,535,00045.jpg,1920,1080
fish,325,240,00045.jpg,1920,1080
fish,427,111,00045.jpg,1920,1080
fish,383,61,00045.jpg,1920,1080
fish,455,25,00045.jpg,1920,1080
fish,709,149,00045.jpg,1920,1080
fish,858,87,00045.jpg,1920,1080
fish,886,40,00045.jpg,1920,1080
fish,896,200,00045.jpg,1920,1080
fish,1032,15,00045.jpg,1920,1080
fish,1133,230,00045.jpg,1920,1080
fish,833,767,00045.jpg,1920,1080
fish,803,669,00045.jpg,1920,1080
fish,988,1043,00045.jpg,1920,1080
fish,1713,745,00045.jpg,1920,1080
fish,1591,713,00045.jpg,1920,1080
fish,1465,519,00045.jpg,1920,1080
fish,1531,436,00045.jpg,1920,1080
fish,1865,422,00045.jpg,1920,1080
fish,1685,135,00045.jpg,1920,1080
fish,1181,22,00045.jpg,1920,1080
fish,28,956,00046.jpg,1920,1080
fish,111,1025,00046.jpg,1920,1080
fish,179,1049,00046.jpg,1920,1080
fish,516,963,00046.jpg,1920,1080
fish,494,547,00046.jpg,1920,1080
fish,317,385,00046.jpg,1920,1080
fish,373,331,00046.jpg,1920,1080
fish,190,215,00046.jpg,1920,1080
fish,243,142,00046.jpg,1920,1080
fish,331,163,00046.jpg,1920,1080
fish,353,114,00046.jpg,1920,1080
fish,245,62,00046.jpg,1920,1080
fish,442,125,00046.jpg,1920,1080
fish,438,186,00046.jpg,1920,1080
fish,623,75,00046.jpg,1920,1080
fish,725,109,00046.jpg,1920,1080
fish,720,189,00046.jpg,1920,1080
fish,836,25,00046.jpg,1920,1080
fish,824,172,00046.jpg,1920,1080
fish,882,131,00046.jpg,1920,1080
fish,987,105,00046.jpg,1920,1080
fish,988,193,00046.jpg,1920,1080
fish,1096,506,00046.jpg,1920,1080
fish,1217,241,00046.jpg,1920,1080
fish,1307,211,00046.jpg,1920,1080
fish,1253,156,00046.jpg,1920,1080
fish,1274,106,00046.jpg,1920,1080
fish,1227,34,00046.jpg,1920,1080
fish,1379,53,00046.jpg,1920,1080
fish,1471,51,00046.jpg,1920,1080
fish,1569,34,00046.jpg,1920,1080
fish,1531,131,00046.jpg,1920,1080
fish,1562,174,00046.jpg,1920,1080
fish,1489,244,00046.jpg,1920,1080
fish,1649,263,00046.jpg,1920,1080
fish,1718,200,00046.jpg,1920,1080
fish,1782,108,00046.jpg,1920,1080
fish,1860,26,00046.jpg,1920,1080
fish,1867,169,00046.jpg,1920,1080
fish,1914,178,00046.jpg,1920,1080
fish,1909,679,00046.jpg,1920,1080
fish,1688,643,00046.jpg,1920,1080
fish,844,930,00047.jpg,1920,1080
fish,155,1044,00047.jpg,1920,1080
fish,96,1021,00047.jpg,1920,1080
fish,41,960,00047.jpg,1920,1080
fish,482,552,00047.jpg,1920,1080
fish,411,345,00047.jpg,1920,1080
fish,314,321,00047.jpg,1920,1080
fish,303,218,00047.jpg,1920,1080
fish,234,186,00047.jpg,1920,1080
fish,383,61,00047.jpg,1920,1080
fish,504,211,00047.jpg,1920,1080
fish,518,172,00047.jpg,1920,1080
fish,577,257,00047.jpg,1920,1080
fish,684,103,00047.jpg,1920,1080
fish,849,153,00047.jpg,1920,1080
fish,798,205,00047.jpg,1920,1080
fish,784,304,00047.jpg,1920,1080
fish,844,362,00047.jpg,1920,1080
fish,1005,218,00047.jpg,1920,1080
fish,1040,81,00047.jpg,1920,1080
fish,940,34,00047.jpg,1920,1080
fish,1198,76,00047.jpg,1920,1080
fish,1155,142,00047.jpg,1920,1080
fish,1169,230,00047.jpg,1920,1080
fish,1035,160,00047.jpg,1920,1080
fish,1304,175,00047.jpg,1920,1080
fish,1384,160,00047.jpg,1920,1080
fish,1264,337,00047.jpg,1920,1080
fish,1429,244,00047.jpg,1920,1080
fish,1360,76,00047.jpg,1920,1080
fish,1349,31,00047.jpg,1920,1080
fish,1564,95,00047.jpg,1920,1080
fish,1755,139,00047.jpg,1920,1080
fish,1686,247,00047.jpg,1920,1080
fish,314,911,00048.jpg,1920,1080
fish,408,1068,00048.jpg,1920,1080
fish,27,967,00048.jpg,1920,1080
fish,522,560,00048.jpg,1920,1080
fish,1351,647,00048.jpg,1920,1080
fish,205,442,00048.jpg,1920,1080
fish,249,305,00048.jpg,1920,1080
fish,99,113,00048.jpg,1920,1080
fish,325,28,00048.jpg,1920,1080
fish,309,213,00048.jpg,1920,1080
fish,372,155,00048.jpg,1920,1080
fish,370,338,00048.jpg,1920,1080
fish,466,65,00048.jpg,1920,1080
fish,678,150,00048.jpg,1920,1080
fish,602,324,00048.jpg,1920,1080
fish,814,172,00048.jpg,1920,1080
fish,825,95,00048.jpg,1920,1080
fish,734,31,00048.jpg,1920,1080
fish,963,221,00048.jpg,1920,1080
fish,916,280,00048.jpg,1920,1080
fish,1213,235,00048.jpg,1920,1080
fish,1256,169,00048.jpg,1920,1080
fish,1238,125,00048.jpg,1920,1080
fish,1222,70,00048.jpg,1920,1080
fish,1213,20,00048.jpg,1920,1080
fish,1343,139,00048.jpg,1920,1080
fish,1413,178,00048.jpg,1920,1080
fish,1465,23,00048.jpg,1920,1080
fish,1468,273,00048.jpg,1920,1080
fish,1547,204,00048.jpg,1920,1080
fish,1694,232,00048.jpg,1920,1080
fish,1762,241,00048.jpg,1920,1080
fish,1829,216,00048.jpg,1920,1080
fish,1744,59,00048.jpg,1920,1080
fish,1796,28,00048.jpg,1920,1080
fish,1826,29,00048.jpg,1920,1080
fish,1881,34,00048.jpg,1920,1080
fish,1661,18,00048.jpg,1920,1080
fish,656,908,00049.jpg,1920,1080
fish,516,607,00049.jpg,1920,1080
fish,1087,985,00049.jpg,1920,1080
fish,1010,684,00049.jpg,1920,1080
fish,1266,671,00049.jpg,1920,1080
fish,938,577,00049.jpg,1920,1080
fish,883,483,00049.jpg,1920,1080
fish,709,349,00049.jpg,1920,1080
fish,748,205,00049.jpg,1920,1080
fish,687,155,00049.jpg,1920,1080
fish,587,113,00049.jpg,1920,1080
fish,558,145,00049.jpg,1920,1080
fish,365,141,00049.jpg,1920,1080
fish,304,69,00049.jpg,1920,1080
fish,119,64,00049.jpg,1920,1080
fish,940,120,00049.jpg,1920,1080
fish,910,227,00049.jpg,1920,1080
fish,1016,133,00049.jpg,1920,1080
fish,1147,213,00049.jpg,1920,1080
fish,1227,235,00049.jpg,1920,1080
fish,1034,422,00049.jpg,1920,1080
fish,1421,342,00049.jpg,1920,1080
fish,1271,83,00049.jpg,1920,1080
fish,1150,78,00049.jpg,1920,1080
fish,1594,23,00049.jpg,1920,1080
fish,1580,84,00049.jpg,1920,1080
fish,1520,91,00049.jpg,1920,1080
fish,1688,111,00049.jpg,1920,1080
fish,1755,53,00049.jpg,1920,1080
fish,1776,197,00049.jpg,1920,1080
fish,1784,262,00049.jpg,1920,1080
fish,1895,364,00049.jpg,1920,1080
fish,1914,147,00049.jpg,1920,1080
fish,221,183,00050.jpg,1920,1080
fish,566,136,00050.jpg,1920,1080
fish,483,280,00050.jpg,1920,1080
fish,301,342,00050.jpg,1920,1080
fish,403,409,00050.jpg,1920,1080
fish,460,509,00050.jpg,1920,1080
fish,527,605,00050.jpg,1920,1080
fish,668,511,00050.jpg,1920,1080
fish,744,652,00050.jpg,1920,1080
fish,1076,820,00050.jpg,1920,1080
fish,1253,969,00050.jpg,1920,1080
fish,1496,1005,00050.jpg,1920,1080
fish,706,332,00050.jpg,1920,1080
fish,557,279,00050.jpg,1920,1080
fish,820,58,00050.jpg,1920,1080
fish,825,23,00050.jpg,1920,1080
fish,1009,73,00050.jpg,1920,1080
fish,1013,254,00050.jpg,1920,1080
fish,1016,312,00050.jpg,1920,1080
fish,960,368,00050.jpg,1920,1080
fish,1173,227,00050.jpg,1920,1080
fish,1258,274,00050.jpg,1920,1080
fish,1360,276,00050.jpg,1920,1080
fish,1420,305,00050.jpg,1920,1080
fish,1457,202,00050.jpg,1920,1080
fish,1501,364,00050.jpg,1920,1080
fish,1591,216,00050.jpg,1920,1080
fish,1788,240,00050.jpg,1920,1080
fish,1878,105,00050.jpg,1920,1080
fish,1790,12,00050.jpg,1920,1080
fish,1635,39,00050.jpg,1920,1080
fish,1522,62,00050.jpg,1920,1080
fish,1445,78,00050.jpg,1920,1080
fish,1355,108,00050.jpg,1920,1080
fish,1321,26,00050.jpg,1920,1080
fish,1804,70,00050.jpg,1920,1080
fish,50,478,00051.jpg,1920,1080
fish,22,362,00051.jpg,1920,1080
fish,205,933,00051.jpg,1920,1080
fish,122,1025,00051.jpg,1920,1080
fish,218,1058,00051.jpg,1920,1080
fish,14,974,00051.jpg,1920,1080
fish,359,627,00051.jpg,1920,1080
fish,130,147,00051.jpg,1920,1080
fish,80,197,00051.jpg,1920,1080
fish,334,28,00051.jpg,1920,1080
fish,344,167,00051.jpg,1920,1080
fish,477,120,00051.jpg,1920,1080
fish,491,252,00051.jpg,1920,1080
fish,598,244,00051.jpg,1920,1080
fish,623,161,00051.jpg,1920,1080
fish,720,169,00051.jpg,1920,1080
fish,682,243,00051.jpg,1920,1080
fish,725,89,00051.jpg,1920,1080
fish,695,348,00051.jpg,1920,1080
fish,704,401,00051.jpg,1920,1080
fish,984,498,00051.jpg,1920,1080
fish,886,735,00051.jpg,1920,1080
fish,1438,666,00051.jpg,1920,1080
fish,1139,754,00051.jpg,1920,1080
fish,1638,720,00051.jpg,1920,1080
fish,1134,247,00051.jpg,1920,1080
fish,971,269,00051.jpg,1920,1080
fish,954,98,00051.jpg,1920,1080
fish,1034,14,00051.jpg,1920,1080
fish,1104,103,00051.jpg,1920,1080
fish,1178,72,00051.jpg,1920,1080
fish,1368,111,00051.jpg,1920,1080
fish,1305,144,00051.jpg,1920,1080
fish,1478,22,00051.jpg,1920,1080
fish,1396,249,00051.jpg,1920,1080
fish,1446,316,00051.jpg,1920,1080
fish,1522,335,00051.jpg,1920,1080
fish,1649,117,00051.jpg,1920,1080
fish,1900,149,00051.jpg,1920,1080
fish,253,1058,00052.jpg,1920,1080
fish,213,1007,00052.jpg,1920,1080
fish,74,960,00052.jpg,1920,1080
fish,1186,1000,00052.jpg,1920,1080
fish,999,1044,00052.jpg,1920,1080
fish,1128,939,00052.jpg,1920,1080
fish,1885,1058,00052.jpg,1920,1080
fish,1901,644,00052.jpg,1920,1080
fish,435,596,00052.jpg,1920,1080
fish,472,530,00052.jpg,1920,1080
fish,378,393,00052.jpg,1920,1080
fish,22,318,00052.jpg,1920,1080
fish,77,174,00052.jpg,1920,1080
fish,28,36,00052.jpg,1920,1080
fish,256,55,00052.jpg,1920,1080
fish,205,61,00052.jpg,1920,1080
fish,353,113,00052.jpg,1920,1080
fish,403,64,00052.jpg,1920,1080
fish,524,51,00052.jpg,1920,1080
fish,618,92,00052.jpg,1920,1080
fish,521,244,00052.jpg,1920,1080
fish,648,304,00052.jpg,1920,1080
fish,729,193,00052.jpg,1920,1080
fish,753,114,00052.jpg,1920,1080
fish,855,160,00052.jpg,1920,1080
fish,916,236,00052.jpg,1920,1080
fish,922,189,00052.jpg,1920,1080
fish,952,156,00052.jpg,1920,1080
fish,915,61,00052.jpg,1920,1080
fish,1139,61,00052.jpg,1920,1080
fish,1203,94,00052.jpg,1920,1080
fish,1261,45,00052.jpg,1920,1080
fish,1271,197,00052.jpg,1920,1080
fish,1202,230,00052.jpg,1920,1080
fish,1024,271,00052.jpg,1920,1080
fish,1347,423,00052.jpg,1920,1080
fish,1197,615,00052.jpg,1920,1080
fish,1412,625,00052.jpg,1920,1080
fish,723,625,00052.jpg,1920,1080
fish,1672,470,00052.jpg,1920,1080
fish,475,809,00052.jpg,1920,1080
fish,1460,67,00052.jpg,1920,1080
fish,1785,17,00052.jpg,1920,1080
fish,452,563,00053.jpg,1920,1080
fish,267,305,00053.jpg,1920,1080
fish,50,56,00053.jpg,1920,1080
fish,406,64,00053.jpg,1920,1080
fish,541,116,00053.jpg,1920,1080
fish,615,64,00053.jpg,1920,1080
fish,739,87,00053.jpg,1920,1080
fish,696,232,00053.jpg,1920,1080
fish,717,342,00053.jpg,1920,1080
fish,643,506,00053.jpg,1920,1080
fish,830,552,00053.jpg,1920,1080
fish,925,359,00053.jpg,1920,1080
fish,889,169,00053.jpg,1920,1080
fish,925,44,00053.jpg,1920,1080
fish,842,18,00053.jpg,1920,1080
fish,1112,106,00053.jpg,1920,1080
fish,1235,36,00053.jpg,1920,1080
fish,1429,89,00053.jpg,1920,1080
fish,1540,80,00053.jpg,1920,1080
fish,1520,235,00053.jpg,1920,1080
fish,1496,263,00053.jpg,1920,1080
fish,1671,86,00053.jpg,1920,1080
fish,1875,34,00053.jpg,1920,1080
fish,1879,219,00053.jpg,1920,1080
fish,1719,862,00053.jpg,1920,1080
fish,1878,1049,00053.jpg,1920,1080
fish,74,95,00054.jpg,1920,1080
fish,256,91,00054.jpg,1920,1080
fish,337,167,00054.jpg,1920,1080
fish,452,45,00054.jpg,1920,1080
fish,602,64,00054.jpg,1920,1080
fish,698,364,00054.jpg,1920,1080
fish,516,593,00054.jpg,1920,1080
fish,825,172,00054.jpg,1920,1080
fish,886,280,00054.jpg,1920,1080
fish,984,139,00054.jpg,1920,1080
fish,1007,91,00054.jpg,1920,1080
fish,1084,95,00054.jpg,1920,1080
fish,1194,127,00054.jpg,1920,1080
fish,1181,36,00054.jpg,1920,1080
fish,1365,55,00054.jpg,1920,1080
fish,1405,135,00054.jpg,1920,1080
fish,1434,64,00054.jpg,1920,1080
fish,1324,86,00054.jpg,1920,1080
fish,1523,15,00054.jpg,1920,1080
fish,1558,25,00054.jpg,1920,1080
fish,1639,53,00054.jpg,1920,1080
fish,1613,103,00054.jpg,1920,1080
fish,1804,29,00054.jpg,1920,1080
fish,1890,111,00054.jpg,1920,1080
fish,1247,285,00054.jpg,1920,1080
fish,1267,647,00054.jpg,1920,1080
fish,808,1071,00054.jpg,1920,1080
fish,151,597,00055.jpg,1920,1080
fish,33,1027,00055.jpg,1920,1080
fish,9,277,00055.jpg,1920,1080
fish,91,254,00055.jpg,1920,1080
fish,82,89,00055.jpg,1920,1080
fish,243,23,00055.jpg,1920,1080
fish,289,119,00055.jpg,1920,1080
fish,328,218,00055.jpg,1920,1080
fish,373,98,00055.jpg,1920,1080
fish,413,65,00055.jpg,1920,1080
fish,424,182,00055.jpg,1920,1080
fish,511,200,00055.jpg,1920,1080
fish,525,177,00055.jpg,1920,1080
fish,397,291,00055.jpg,1920,1080
fish,449,376,00055.jpg,1920,1080
fish,579,268,00055.jpg,1920,1080
fish,605,94,00055.jpg,1920,1080
fish,845,169,00055.jpg,1920,1080
fish,817,205,00055.jpg,1920,1080
fish,900,153,00055.jpg,1920,1080
fish,999,141,00055.jpg,1920,1080
fish,1034,67,00055.jpg,1920,1080
fish,882,295,00055.jpg,1920,1080
fish,1200,375,00055.jpg,1920,1080
fish,1170,87,00055.jpg,1920,1080
fish,1269,98,00055.jpg,1920,1080
fish,1327,44,00055.jpg,1920,1080
fish,1308,233,00055.jpg,1920,1080
fish,1504,288,00055.jpg,1920,1080
fish,1595,167,00055.jpg,1920,1080
fish,1598,103,00055.jpg,1920,1080
fish,1760,18,00055.jpg,1920,1080
fish,1674,327,00055.jpg,1920,1080
fish,408,547,00056.jpg,1920,1080
fish,210,892,00056.jpg,1920,1080
fish,337,953,00056.jpg,1920,1080
fish,38,1025,00056.jpg,1920,1080
fish,14,939,00056.jpg,1920,1080
fish,83,120,00056.jpg,1920,1080
fish,284,105,00056.jpg,1920,1080
fish,246,28,00056.jpg,1920,1080
fish,226,191,00056.jpg,1920,1080
fish,284,215,00056.jpg,1920,1080
fish,411,233,00056.jpg,1920,1080
fish,540,266,00056.jpg,1920,1080
fish,573,329,00056.jpg,1920,1080
fish,456,75,00056.jpg,1920,1080
fish,711,393,00056.jpg,1920,1080
fish,886,177,00056.jpg,1920,1080
fish,1040,50,00056.jpg,1920,1080
fish,951,91,00056.jpg,1920,1080
fish,1040,102,00056.jpg,1920,1080
fish,1075,145,00056.jpg,1920,1080
fish,1233,105,00056.jpg,1920,1080
fish,1165,337,00056.jpg,1920,1080
fish,1180,611,00056.jpg,1920,1080
fish,1696,806,00056.jpg,1920,1080
fish,1773,381,00056.jpg,1920,1080
fish,1630,177,00056.jpg,1920,1080
fish,1490,76,00056.jpg,1920,1080
fish,1671,69,00056.jpg,1920,1080
fish,1751,84,00056.jpg,1920,1080
fish,1879,55,00056.jpg,1920,1080
fish,1865,120,00056.jpg,1920,1080
fish,151,1036,00057.jpg,1920,1080
fish,441,588,00057.jpg,1920,1080
fish,1082,908,00057.jpg,1920,1080
fish,30,167,00057.jpg,1920,1080
fish,108,64,00057.jpg,1920,1080
fish,268,61,00057.jpg,1920,1080
fish,394,204,00057.jpg,1920,1080
fish,565,72,00057.jpg,1920,1080
fish,438,62,00057.jpg,1920,1080
fish,580,252,00057.jpg,1920,1080
fish,664,353,00057.jpg,1920,1080
fish,944,305,00057.jpg,1920,1080
fish,833,207,00057.jpg,1920,1080
fish,921,142,00057.jpg,1920,1080
fish,966,40,00057.jpg,1920,1080
fish,844,103,00057.jpg,1920,1080
fish,1115,80,00057.jpg,1920,1080
fish,1129,215,00057.jpg,1920,1080
fish,1227,142,00057.jpg,1920,1080
fish,1235,280,00057.jpg,1920,1080
fish,1261,390,00057.jpg,1920,1080
fish,1426,238,00057.jpg,1920,1080
fish,1456,89,00057.jpg,1920,1080
fish,1347,9,00057.jpg,1920,1080
fish,1514,72,00057.jpg,1920,1080
fish,1598,67,00057.jpg,1920,1080
fish,1711,53,00057.jpg,1920,1080
fish,1551,263,00057.jpg,1920,1080
fish,1732,145,00057.jpg,1920,1080
fish,169,1033,00058.jpg,1920,1080
fish,416,641,00058.jpg,1920,1080
fish,516,1005,00058.jpg,1920,1080
fish,856,1018,00058.jpg,1920,1080
fish,657,500,00058.jpg,1920,1080
fish,364,302,00058.jpg,1920,1080
fish,77,150,00058.jpg,1920,1080
fish,174,92,00058.jpg,1920,1080
fish,36,48,00058.jpg,1920,1080
fish,293,33,00058.jpg,1920,1080
fish,579,81,00058.jpg,1920,1080
fish,554,156,00058.jpg,1920,1080
fish,792,144,00058.jpg,1920,1080
fish,902,142,00058.jpg,1920,1080
fish,891,240,00058.jpg,1920,1080
fish,1005,320,00058.jpg,1920,1080
fish,952,387,00058.jpg,1920,1080
fish,1169,211,00058.jpg,1920,1080
fish,1242,108,00058.jpg,1920,1080
fish,1136,111,00058.jpg,1920,1080
fish,1034,26,00058.jpg,1920,1080
fish,1202,324,00058.jpg,1920,1080
fish,1242,312,00058.jpg,1920,1080
fish,1432,221,00058.jpg,1920,1080
fish,1550,48,00058.jpg,1920,1080
fish,1671,37,00058.jpg,1920,1080
fish,1846,39,00058.jpg,1920,1080
fish,1903,199,00058.jpg,1920,1080
fish,1769,436,00058.jpg,1920,1080
fish,1885,635,00058.jpg,1920,1080
fish,44,574,00059.jpg,1920,1080
fish,154,1036,00059.jpg,1920,1080
fish,369,952,00059.jpg,1920,1080
fish,584,800,00059.jpg,1920,1080
fish,678,831,00059.jpg,1920,1080
fish,458,613,00059.jpg,1920,1080
fish,703,367,00059.jpg,1920,1080
fish,334,188,00059.jpg,1920,1080
fish,257,127,00059.jpg,1920,1080
fish,116,62,00059.jpg,1920,1080
fish,576,119,00059.jpg,1920,1080
fish,530,116,00059.jpg,1920,1080
fish,596,69,00059.jpg,1920,1080
fish,480,161,00059.jpg,1920,1080
fish,598,167,00059.jpg,1920,1080
fish,773,81,00059.jpg,1920,1080
fish,706,25,00059.jpg,1920,1080
fish,841,177,00059.jpg,1920,1080
fish,943,72,00059.jpg,1920,1080
fish,1043,72,00059.jpg,1920,1080
fish,968,150,00059.jpg,1920,1080
fish,1009,299,00059.jpg,1920,1080
fish,1186,125,00059.jpg,1920,1080
fish,1256,80,00059.jpg,1920,1080
fish,1391,95,00059.jpg,1920,1080
fish,1470,70,00059.jpg,1920,1080
fish,1180,240,00059.jpg,1920,1080
fish,1374,246,00059.jpg,1920,1080
fish,1613,244,00059.jpg,1920,1080
fish,1821,114,00059.jpg,1920,1080
fish,1740,103,00059.jpg,1920,1080
fish,1788,62,00059.jpg,1920,1080
fish,1900,125,00059.jpg,1920,1080
fish,1881,338,00059.jpg,1920,1080
fish,1465,1076,00059.jpg,1920,1080
fish,80,960,00060.jpg,1920,1080
fish,162,1041,00060.jpg,1920,1080
fish,13,922,00060.jpg,1920,1080
fish,367,745,00060.jpg,1920,1080
fish,367,641,00060.jpg,1920,1080
fish,543,560,00060.jpg,1920,1080
fish,433,389,00060.jpg,1920,1080
fish,224,172,00060.jpg,1920,1080
fish,193,131,00060.jpg,1920,1080
fish,27,53,00060.jpg,1920,1080
fish,22,138,00060.jpg,1920,1080
fish,320,72,00060.jpg,1920,1080
fish,615,73,00060.jpg,1920,1080
fish,573,298,00060.jpg,1920,1080
fish,493,312,00060.jpg,1920,1080
fish,737,266,00060.jpg,1920,1080
fish,806,189,00060.jpg,1920,1080
fish,875,53,00060.jpg,1920,1080
fish,831,334,00060.jpg,1920,1080
fish,958,318,00060.jpg,1920,1080
fish,960,362,00060.jpg,1920,1080
fish,1079,393,00060.jpg,1920,1080
fish,1056,207,00060.jpg,1920,1080
fish,1175,61,00060.jpg,1920,1080
fish,1095,17,00060.jpg,1920,1080
fish,1231,75,00060.jpg,1920,1080
fish,1332,92,00060.jpg,1920,1080
fish,1293,240,00060.jpg,1920,1080
fish,1322,276,00060.jpg,1920,1080
fish,1489,135,00060.jpg,1920,1080
fish,1512,64,00060.jpg,1920,1080
fish,1446,22,00060.jpg,1920,1080
fish,1678,98,00060.jpg,1920,1080
fish,1628,147,00060.jpg,1920,1080
fish,1840,89,00060.jpg,1920,1080
fish,1867,31,00060.jpg,1920,1080
fish,1779,290,00060.jpg,1920,1080
fish,33,1010,00061.jpg,1920,1080
fish,77,958,00061.jpg,1920,1080
fish,154,1052,00061.jpg,1920,1080
fish,577,975,00061.jpg,1920,1080
fish,14,153,00061.jpg,1920,1080
fish,71,229,00061.jpg,1920,1080
fish,356,326,00061.jpg,1920,1080
fish,235,141,00061.jpg,1920,1080
fish,174,111,00061.jpg,1920,1080
fish,28,33,00061.jpg,1920,1080
fish,375,42,00061.jpg,1920,1080
fish,497,260,00061.jpg,1920,1080
fish,576,211,00061.jpg,1920,1080
fish,687,142,00061.jpg,1920,1080
fish,864,136,00061.jpg,1920,1080
fish,723,368,00061.jpg,1920,1080
fish,668,371,00061.jpg,1920,1080
fish,1049,244,00061.jpg,1920,1080
fish,1150,144,00061.jpg,1920,1080
fish,985,106,00061.jpg,1920,1080
fish,1079,92,00061.jpg,1920,1080
fish,1310,87,00061.jpg,1920,1080
fish,1434,108,00061.jpg,1920,1080
fish,1437,155,00061.jpg,1920,1080
fish,1349,252,00061.jpg,1920,1080
fish,1255,480,00061.jpg,1920,1080
fish,1049,716,00061.jpg,1920,1080
fish,1165,749,00061.jpg,1920,1080
fish,968,674,00061.jpg,1920,1080
fish,478,627,00061.jpg,1920,1080
fish,1551,97,00061.jpg,1920,1080
fish,1755,39,00061.jpg,1920,1080
fish,1747,124,00061.jpg,1920,1080
fish,1901,207,00061.jpg,1920,1080
fish,113,131,00062.jpg,1920,1080
fish,42,160,00062.jpg,1920,1080
fish,125,65,00062.jpg,1920,1080
fish,165,216,00062.jpg,1920,1080
fish,245,329,00062.jpg,1920,1080
fish,113,953,00062.jpg,1920,1080
fish,631,627,00062.jpg,1920,1080
fish,637,340,00062.jpg,1920,1080
fish,624,225,00062.jpg,1920,1080
fish,480,274,00062.jpg,1920,1080
fish,395,252,00062.jpg,1920,1080
fish,518,45,00062.jpg,1920,1080
fish,856,29,00062.jpg,1920,1080
fish,835,114,00062.jpg,1920,1080
fish,827,243,00062.jpg,1920,1080
fish,922,205,00062.jpg,1920,1080
fish,1038,106,00062.jpg,1920,1080
fish,955,56,00062.jpg,1920,1080
fish,1023,262,00062.jpg,1920,1080
fish,1241,304,00062.jpg,1920,1080
fish,1297,773,00062.jpg,1920,1080
fish,1421,279,00062.jpg,1920,1080
fish,1382,219,00062.jpg,1920,1080
fish,1385,186,00062.jpg,1920,1080
fish,1274,161,00062.jpg,1920,1080
fish,1274,33,00062.jpg,1920,1080
fish,1327,51,00062.jpg,1920,1080
fish,1496,56,00062.jpg,1920,1080
fish,1682,42,00062.jpg,1920,1080
fish,1834,12,00062.jpg,1920,1080
fish,1896,50,00062.jpg,1920,1080
fish,1605,208,00062.jpg,1920,1080
fish,1760,331,00062.jpg,1920,1080
fish,1917,287,00062.jpg,1920,1080
fish,63,349,00063.jpg,1920,1080
fish,16,31,00063.jpg,1920,1080
fish,405,78,00063.jpg,1920,1080
fish,378,233,00063.jpg,1920,1080
fish,362,381,00063.jpg,1920,1080
fish,287,440,00063.jpg,1920,1080
fish,119,956,00063.jpg,1920,1080
fish,624,665,00063.jpg,1920,1080
fish,482,356,00063.jpg,1920,1080
fish,566,252,00063.jpg,1920,1080
fish,546,193,00063.jpg,1920,1080
fish,711,67,00063.jpg,1920,1080
fish,714,20,00063.jpg,1920,1080
fish,918,12,00063.jpg,1920,1080
fish,976,80,00063.jpg,1920,1080
fish,871,152,00063.jpg,1920,1080
fish,976,265,00063.jpg,1920,1080
fish,979,191,00063.jpg,1920,1080
fish,675,422,00063.jpg,1920,1080
fish,720,487,00063.jpg,1920,1080
fish,952,431,00063.jpg,1920,1080
fish,1009,480,00063.jpg,1920,1080
fish,908,875,00063.jpg,1920,1080
fish,1145,790,00063.jpg,1920,1080
fish,1214,282,00063.jpg,1920,1080
fish,1315,282,00063.jpg,1920,1080
fish,1068,186,00063.jpg,1920,1080
fish,1126,109,00063.jpg,1920,1080
fish,1460,105,00063.jpg,1920,1080
fish,1435,208,00063.jpg,1920,1080
fish,1664,59,00063.jpg,1920,1080
fish,1638,186,00063.jpg,1920,1080
fish,1598,229,00063.jpg,1920,1080
fish,1842,200,00063.jpg,1920,1080
fish,1873,180,00063.jpg,1920,1080
fish,1809,29,00063.jpg,1920,1080
fish,1901,263,00063.jpg,1920,1080
fish,1818,572,00063.jpg,1920,1080
fish,1912,804,00063.jpg,1920,1080
fish,110,949,00064.jpg,1920,1080
fish,28,1041,00064.jpg,1920,1080
fish,22,44,00064.jpg,1920,1080
fish,202,50,00064.jpg,1920,1080
fish,394,78,00064.jpg,1920,1080
fish,309,156,00064.jpg,1920,1080
fish,431,160,00064.jpg,1920,1080
fish,612,80,00064.jpg,1920,1080
fish,588,282,00064.jpg,1920,1080
fish,631,266,00064.jpg,1920,1080
fish,591,324,00064.jpg,1920,1080
fish,580,619,00064.jpg,1920,1080
fish,761,186,00064.jpg,1920,1080
fish,856,72,00064.jpg,1920,1080
fish,871,20,00064.jpg,1920,1080
fish,943,102,00064.jpg,1920,1080
fish,893,182,00064.jpg,1920,1080
fish,1009,163,00064.jpg,1920,1080
fish,1004,225,00064.jpg,1920,1080
fish,1112,105,00064.jpg,1920,1080
fish,1056,33,00064.jpg,1920,1080
fish,811,92,00064.jpg,1920,1080
fish,1005,412,00064.jpg,1920,1080
fish,1043,481,00064.jpg,1920,1080
fish,1023,961,00064.jpg,1920,1080
fish,1145,947,00064.jpg,1920,1080
fish,1297,500,00064.jpg,1920,1080
fish,1140,442,00064.jpg,1920,1080
fish,1459,514,00064.jpg,1920,1080
fish,1349,180,00064.jpg,1920,1080
fish,1373,145,00064.jpg,1920,1080
fish,1475,111,00064.jpg,1920,1080
fish,1597,62,00064.jpg,1920,1080
fish,1454,235,00064.jpg,1920,1080
fish,1555,241,00064.jpg,1920,1080
fish,1628,194,00064.jpg,1920,1080
fish,1697,208,00064.jpg,1920,1080
fish,1793,48,00064.jpg,1920,1080
fish,1741,373,00064.jpg,1920,1080
fish,1887,673,00064.jpg,1920,1080
fish,1882,307,00064.jpg,1920,1080
fish,19,996,00065.jpg,1920,1080
fish,125,489,00065.jpg,1920,1080
fish,91,238,00065.jpg,1920,1080
fish,304,193,00065.jpg,1920,1080
fish,402,69,00065.jpg,1920,1080
fish,552,312,00065.jpg,1920,1080
fish,529,340,00065.jpg,1920,1080
fish,593,353,00065.jpg,1920,1080
fish,510,527,00065.jpg,1920,1080
fish,373,624,00065.jpg,1920,1080
fish,510,762,00065.jpg,1920,1080
fish,607,552,00065.jpg,1920,1080
fish,744,152,00065.jpg,1920,1080
fish,856,86,00065.jpg,1920,1080
fish,1015,97,00065.jpg,1920,1080
fish,954,105,00065.jpg,1920,1080
fish,1018,163,00065.jpg,1920,1080
fish,1029,320,00065.jpg,1920,1080
fish,1131,274,00065.jpg,1920,1080
fish,1206,345,00065.jpg,1920,1080
fish,1280,76,00065.jpg,1920,1080
fish,1352,7,00065.jpg,1920,1080
fish,1426,47,00065.jpg,1920,1080
fish,1429,15,00065.jpg,1920,1080
fish,1434,105,00065.jpg,1920,1080
fish,1415,167,00065.jpg,1920,1080
fish,1625,128,00065.jpg,1920,1080
fish,1768,18,00065.jpg,1920,1080
fish,1843,25,00065.jpg,1920,1080
fish,1393,353,00065.jpg,1920,1080
fish,1357,426,00065.jpg,1920,1080
fish,1333,520,00065.jpg,1920,1080
fish,115,1008,00066.jpg,1920,1080
fish,480,658,00066.jpg,1920,1080
fish,281,560,00066.jpg,1920,1080
fish,289,400,00066.jpg,1920,1080
fish,119,240,00066.jpg,1920,1080
fish,155,205,00066.jpg,1920,1080
fish,17,81,00066.jpg,1920,1080
fish,190,73,00066.jpg,1920,1080
fish,333,135,00066.jpg,1920,1080
fish,311,229,00066.jpg,1920,1080
fish,485,102,00066.jpg,1920,1080
fish,525,196,00066.jpg,1920,1080
fish,521,258,00066.jpg,1920,1080
fish,642,145,00066.jpg,1920,1080
fish,645,34,00066.jpg,1920,1080
fish,836,61,00066.jpg,1920,1080
fish,838,26,00066.jpg,1920,1080
fish,759,172,00066.jpg,1920,1080
fish,634,321,00066.jpg,1920,1080
fish,576,346,00066.jpg,1920,1080
fish,587,392,00066.jpg,1920,1080
fish,671,561,00066.jpg,1920,1080
fish,908,167,00066.jpg,1920,1080
fish,1015,177,00066.jpg,1920,1080
fish,910,627,00066.jpg,1920,1080
fish,1416,1000,00066.jpg,1920,1080
fish,1365,552,00066.jpg,1920,1080
fish,1209,169,00066.jpg,1920,1080
fish,1187,51,00066.jpg,1920,1080
fish,1493,120,00066.jpg,1920,1080
fish,1405,100,00066.jpg,1920,1080
fish,1429,171,00066.jpg,1920,1080
fish,1675,102,00066.jpg,1920,1080
fish,1780,55,00066.jpg,1920,1080
fish,118,1024,00067.jpg,1920,1080
fish,198,436,00067.jpg,1920,1080
fish,30,158,00067.jpg,1920,1080
fish,99,114,00067.jpg,1920,1080
fish,177,166,00067.jpg,1920,1080
fish,306,95,00067.jpg,1920,1080
fish,323,17,00067.jpg,1920,1080
fish,356,72,00067.jpg,1920,1080
fish,482,241,00067.jpg,1920,1080
fish,413,426,00067.jpg,1920,1080
fish,477,696,00067.jpg,1920,1080
fish,544,379,00067.jpg,1920,1080
fish,753,450,00067.jpg,1920,1080
fish,692,175,00067.jpg,1920,1080
fish,767,80,00067.jpg,1920,1080
fish,913,145,00067.jpg,1920,1080
fish,1096,145,00067.jpg,1920,1080
fish,1117,277,00067.jpg,1920,1080
fish,1131,375,00067.jpg,1920,1080
fish,908,917,00067.jpg,1920,1080
fish,1184,14,00067.jpg,1920,1080
fish,1087,33,00067.jpg,1920,1080
fish,1423,84,00067.jpg,1920,1080
fish,1531,72,00067.jpg,1920,1080
fish,1539,20,00067.jpg,1920,1080
fish,1625,47,00067.jpg,1920,1080
fish,1608,11,00067.jpg,1920,1080
fish,1550,131,00067.jpg,1920,1080
fish,1528,207,00067.jpg,1920,1080
fish,1719,75,00067.jpg,1920,1080
fish,1755,81,00067.jpg,1920,1080
fish,1901,37,00067.jpg,1920,1080
fish,1873,111,00067.jpg,1920,1080
fish,118,1030,00068.jpg,1920,1080
fish,456,716,00068.jpg,1920,1080
fish,157,189,00068.jpg,1920,1080
fish,215,174,00068.jpg,1920,1080
fish,201,127,00068.jpg,1920,1080
fish,199,62,00068.jpg,1920,1080
fish,82,103,00068.jpg,1920,1080
fish,22,97,00068.jpg,1920,1080
fish,318,23,00068.jpg,1920,1080
fish,380,70,00068.jpg,1920,1080
fish,420,128,00068.jpg,1920,1080
fish,682,109,00068.jpg,1920,1080
fish,616,310,00068.jpg,1920,1080
fish,861,296,00068.jpg,1920,1080
fish,847,252,00068.jpg,1920,1080
fish,905,200,00068.jpg,1920,1080
fish,944,172,00068.jpg,1920,1080
fish,860,105,00068.jpg,1920,1080
fish,866,47,00068.jpg,1920,1080
fish,1184,37,00068.jpg,1920,1080
fish,1150,65,00068.jpg,1920,1080
fish,1224,102,00068.jpg,1920,1080
fish,1194,131,00068.jpg,1920,1080
fish,1266,316,00068.jpg,1920,1080
fish,1335,572,00068.jpg,1920,1080
fish,1176,720,00068.jpg,1920,1080
fish,1147,814,00068.jpg,1920,1080
fish,1395,674,00068.jpg,1920,1080
fish,1324,273,00068.jpg,1920,1080
fish,1536,95,00068.jpg,1920,1080
fish,1484,150,00068.jpg,1920,1080
fish,1627,166,00068.jpg,1920,1080
fish,1578,241,00068.jpg,1920,1080
fish,1619,396,00068.jpg,1920,1080
fish,1864,320,00068.jpg,1920,1080
fish,1867,186,00068.jpg,1920,1080
fish,1893,91,00068.jpg,1920,1080
fish,425,809,00069.jpg,1920,1080
fish,111,1029,00069.jpg,1920,1080
fish,452,742,00069.jpg,1920,1080
fish,285,307,00069.jpg,1920,1080
fish,89,108,00069.jpg,1920,1080
fish,31,64,00069.jpg,1920,1080
fish,187,12,00069.jpg,1920,1080
fish,322,56,00069.jpg,1920,1080
fish,387,125,00069.jpg,1920,1080
fish,362,205,00069.jpg,1920,1080
fish,536,238,00069.jpg,1920,1080
fish,541,163,00069.jpg,1920,1080
fish,585,298,00069.jpg,1920,1080
fish,703,284,00069.jpg,1920,1080
fish,711,193,00069.jpg,1920,1080
fish,706,109,00069.jpg,1920,1080
fish,896,42,00069.jpg,1920,1080
fish,971,39,00069.jpg,1920,1080
fish,864,100,00069.jpg,1920,1080
fish,979,163,00069.jpg,1920,1080
fish,1167,156,00069.jpg,1920,1080
fish,1148,384,00069.jpg,1920,1080
fish,1136,842,00069.jpg,1920,1080
fish,1396,663,00069.jpg,1920,1080
fish,1429,545,00069.jpg,1920,1080
fish,1514,456,00069.jpg,1920,1080
fish,1432,196,00069.jpg,1920,1080
fish,1410,150,00069.jpg,1920,1080
fish,1294,136,00069.jpg,1920,1080
fish,1457,36,00069.jpg,1920,1080
fish,1388,67,00069.jpg,1920,1080
fish,1553,22,00069.jpg,1920,1080
fish,1694,108,00069.jpg,1920,1080
fish,1580,213,00069.jpg,1920,1080
fish,1878,17,00069.jpg,1920,1080
fish,49,86,00070.jpg,1920,1080
fish,127,17,00070.jpg,1920,1080
fish,221,105,00070.jpg,1920,1080
fish,353,103,00070.jpg,1920,1080
fish,124,1030,00070.jpg,1920,1080
fish,207,847,00070.jpg,1920,1080
fish,340,898,00070.jpg,1920,1080
fish,547,1065,00070.jpg,1920,1080
fish,623,789,00070.jpg,1920,1080
fish,1010,757,00070.jpg,1920,1080
fish,930,1068,00070.jpg,1920,1080
fish,692,464,00070.jpg,1920,1080
fish,604,348,00070.jpg,1920,1080
fish,555,186,00070.jpg,1920,1080
fish,521,142,00070.jpg,1920,1080
fish,521,37,00070.jpg,1920,1080
fish,591,95,00070.jpg,1920,1080
fish,792,164,00070.jpg,1920,1080
fish,773,265,00070.jpg,1920,1080
fish,938,75,00070.jpg,1920,1080
fish,769,368,00070.jpg,1920,1080
fish,875,418,00070.jpg,1920,1080
fish,1031,439,00070.jpg,1920,1080
fish,1004,524,00070.jpg,1920,1080
fish,1093,390,00070.jpg,1920,1080
fish,1155,142,00070.jpg,1920,1080
fish,1264,131,00070.jpg,1920,1080
fish,1614,95,00070.jpg,1920,1080
fish,1559,194,00070.jpg,1920,1080
fish,1432,456,00070.jpg,1920,1080
fish,1762,356,00070.jpg,1920,1080
fish,115,1046,00071.jpg,1920,1080
fish,411,1007,00071.jpg,1920,1080
fish,794,884,00071.jpg,1920,1080
fish,835,1002,00071.jpg,1920,1080
fish,1002,1055,00071.jpg,1920,1080
fish,210,249,00071.jpg,1920,1080
fish,816,37,00071.jpg,1920,1080
fish,825,116,00071.jpg,1920,1080
fish,573,249,00071.jpg,1920,1080
fish,546,302,00071.jpg,1920,1080
fish,668,337,00071.jpg,1920,1080
fish,813,320,00071.jpg,1920,1080
fish,772,252,00071.jpg,1920,1080
fish,842,210,00071.jpg,1920,1080
fish,908,106,00071.jpg,1920,1080
fish,988,78,00071.jpg,1920,1080
fish,1093,167,00071.jpg,1920,1080
fish,1255,178,00071.jpg,1920,1080
fish,1256,514,00071.jpg,1920,1080
fish,1267,17,00071.jpg,1920,1080
fish,1460,37,00071.jpg,1920,1080
fish,1482,9,00071.jpg,1920,1080
fish,1639,20,00071.jpg,1920,1080
fish,1536,55,00071.jpg,1920,1080
fish,1730,37,00071.jpg,1920,1080
fish,1641,119,00071.jpg,1920,1080
fish,1550,342,00071.jpg,1920,1080
fish,1738,440,00071.jpg,1920,1080
fish,1647,699,00071.jpg,1920,1080
fish,138,89,00072.jpg,1920,1080
fish,195,169,00072.jpg,1920,1080
fish,427,947,00072.jpg,1920,1080
fish,642,371,00072.jpg,1920,1080
fish,546,97,00072.jpg,1920,1080
fish,394,211,00072.jpg,1920,1080
fish,449,29,00072.jpg,1920,1080
fish,696,78,00072.jpg,1920,1080
fish,855,263,00072.jpg,1920,1080
fish,938,130,00072.jpg,1920,1080
fish,977,14,00072.jpg,1920,1080
fish,1024,133,00072.jpg,1920,1080
fish,1114,122,00072.jpg,1920,1080
fish,1197,235,00072.jpg,1920,1080
fish,1042,676,00072.jpg,1920,1080
fish,1145,550,00072.jpg,1920,1080
fish,1462,658,00072.jpg,1920,1080
fish,1545,605,00072.jpg,1920,1080
fish,1718,909,00072.jpg,1920,1080
fish,1804,677,00072.jpg,1920,1080
fish,1867,616,00072.jpg,1920,1080
fish,1021,572,00072.jpg,1920,1080
fish,267,840,00072.jpg,1920,1080
fish,1316,116,00072.jpg,1920,1080
fish,1373,50,00072.jpg,1920,1080
fish,1456,44,00072.jpg,1920,1080
fish,1464,102,00072.jpg,1920,1080
fish,1454,163,00072.jpg,1920,1080
fish,1685,97,00072.jpg,1920,1080
fish,1746,42,00072.jpg,1920,1080
fish,1837,18,00072.jpg,1920,1080
fish,1903,156,00072.jpg,1920,1080
fish,1889,247,00072.jpg,1920,1080
fish,41,938,00073.jpg,1920,1080
fish,86,1005,00073.jpg,1920,1080
fish,257,1047,00073.jpg,1920,1080
fish,392,795,00073.jpg,1920,1080
fish,361,789,00073.jpg,1920,1080
fish,143,318,00073.jpg,1920,1080
fish,163,257,00073.jpg,1920,1080
fish,52,11,00073.jpg,1920,1080
fish,342,73,00073.jpg,1920,1080
fish,455,22,00073.jpg,1920,1080
fish,525,76,00073.jpg,1920,1080
fish,472,111,00073.jpg,1920,1080
fish,486,199,00073.jpg,1920,1080
fish,482,271,00073.jpg,1920,1080
fish,504,378,00073.jpg,1920,1080
fish,574,428,00073.jpg,1920,1080
fish,667,313,00073.jpg,1920,1080
fish,736,227,00073.jpg,1920,1080
fish,800,310,00073.jpg,1920,1080
fish,966,124,00073.jpg,1920,1080
fish,995,55,00073.jpg,1920,1080
fish,1111,113,00073.jpg,1920,1080
fish,1247,28,00073.jpg,1920,1080
fish,1219,133,00073.jpg,1920,1080
fish,1297,156,00073.jpg,1920,1080
fish,1198,335,00073.jpg,1920,1080
fish,1318,759,00073.jpg,1920,1080
fish,913,1066,00073.jpg,1920,1080
fish,1655,594,00073.jpg,1920,1080
fish,1689,207,00073.jpg,1920,1080
fish,1493,233,00073.jpg,1920,1080
fish,1498,108,00073.jpg,1920,1080
fish,1500,6,00073.jpg,1920,1080
fish,1790,56,00073.jpg,1920,1080
fish,1812,97,00073.jpg,1920,1080
fish,1896,81,00073.jpg,1920,1080
fish,442,674,00074.jpg,1920,1080
fish,116,221,00074.jpg,1920,1080
fish,125,164,00074.jpg,1920,1080
fish,221,116,00074.jpg,1920,1080
fish,253,73,00074.jpg,1920,1080
fish,620,84,00074.jpg,1920,1080
fish,522,331,00074.jpg,1920,1080
fish,588,343,00074.jpg,1920,1080
fish,729,400,00074.jpg,1920,1080
fish,827,348,00074.jpg,1920,1080
fish,770,349,00074.jpg,1920,1080
fish,836,302,00074.jpg,1920,1080
fish,907,200,00074.jpg,1920,1080
fish,800,155,00074.jpg,1920,1080
fish,728,156,00074.jpg,1920,1080
fish,827,22,00074.jpg,1920,1080
fish,974,467,00074.jpg,1920,1080
fish,995,652,00074.jpg,1920,1080
fish,1286,572,00074.jpg,1920,1080
fish,1313,531,00074.jpg,1920,1080
fish,1167,42,00074.jpg,1920,1080
fish,1327,193,00074.jpg,1920,1080
fish,1358,149,00074.jpg,1920,1080
fish,1423,238,00074.jpg,1920,1080
fish,1205,80,00074.jpg,1920,1080
fish,1153,315,00074.jpg,1920,1080
fish,1641,422,00074.jpg,1920,1080
fish,1663,500,00074.jpg,1920,1080
fish,1898,549,00074.jpg,1920,1080
fish,1879,200,00074.jpg,1920,1080
fish,1736,102,00074.jpg,1920,1080
fish,1666,109,00074.jpg,1920,1080
fish,1586,95,00074.jpg,1920,1080
fish,88,746,00075.jpg,1920,1080
fish,83,417,00075.jpg,1920,1080
fish,140,166,00075.jpg,1920,1080
fish,35,135,00075.jpg,1920,1080
fish,158,51,00075.jpg,1920,1080
fish,224,76,00075.jpg,1920,1080
fish,273,1013,00075.jpg,1920,1080
fish,463,665,00075.jpg,1920,1080
fish,442,536,00075.jpg,1920,1080
fish,565,516,00075.jpg,1920,1080
fish,529,296,00075.jpg,1920,1080
fish,402,233,00075.jpg,1920,1080
fish,707,135,00075.jpg,1920,1080
fish,720,291,00075.jpg,1920,1080
fish,861,183,00075.jpg,1920,1080
fish,960,989,00075.jpg,1920,1080
fish,1277,955,00075.jpg,1920,1080
fish,1338,1060,00075.jpg,1920,1080
fish,1426,869,00075.jpg,1920,1080
fish,1366,778,00075.jpg,1920,1080
fish,1581,892,00075.jpg,1920,1080
fish,1597,798,00075.jpg,1920,1080
fish,1707,822,00075.jpg,1920,1080
fish,1813,839,00075.jpg,1920,1080
fish,1900,952,00075.jpg,1920,1080
fish,1727,561,00075.jpg,1920,1080
fish,1589,627,00075.jpg,1920,1080
fish,1879,331,00075.jpg,1920,1080
fish,1777,171,00075.jpg,1920,1080
fish,1906,47,00075.jpg,1920,1080
fish,1219,17,00075.jpg,1920,1080
fish,1103,108,00075.jpg,1920,1080
fish,1129,186,00075.jpg,1920,1080
fish,1222,177,00075.jpg,1920,1080
fish,1042,423,00075.jpg,1920,1080
fish,1360,458,00075.jpg,1920,1080
fish,1282,536,00075.jpg,1920,1080
fish,1429,571,00075.jpg,1920,1080
fish,1495,489,00075.jpg,1920,1080
fish,1509,390,00075.jpg,1920,1080
fish,541,1021,00076.jpg,1920,1080
fish,494,641,00076.jpg,1920,1080
fish,521,373,00076.jpg,1920,1080
fish,340,304,00076.jpg,1920,1080
fish,64,254,00076.jpg,1920,1080
fish,530,136,00076.jpg,1920,1080
fish,693,277,00076.jpg,1920,1080
fish,742,342,00076.jpg,1920,1080
fish,629,456,00076.jpg,1920,1080
fish,943,130,00076.jpg,1920,1080
fish,896,64,00076.jpg,1920,1080
fish,1263,89,00076.jpg,1920,1080
fish,1603,61,00076.jpg,1920,1080
fish,1360,323,00076.jpg,1920,1080
fish,1296,417,00076.jpg,1920,1080
fish,1001,743,00076.jpg,1920,1080
fish,1153,748,00076.jpg,1920,1080
fish,1153,811,00076.jpg,1920,1080
fish,1111,792,00076.jpg,1920,1080
fish,1376,844,00076.jpg,1920,1080
fish,1409,690,00076.jpg,1920,1080
fish,1831,685,00076.jpg,1920,1080
fish,1774,367,00076.jpg,1920,1080
fish,1476,323,00076.jpg,1920,1080
fish,1481,150,00076.jpg,1920,1080
fish,1713,36,00076.jpg,1920,1080
fish,1796,95,00076.jpg,1920,1080
fish,1882,108,00076.jpg,1920,1080
fish,1900,23,00076.jpg,1920,1080
fish,1363,385,00076.jpg,1920,1080
fish,77,254,00077.jpg,1920,1080
fish,31,290,00077.jpg,1920,1080
fish,35,407,00077.jpg,1920,1080
fish,905,999,00077.jpg,1920,1080
fish,511,684,00077.jpg,1920,1080
fish,108,1004,00077.jpg,1920,1080
fish,762,1000,00077.jpg,1920,1080
fish,987,638,00077.jpg,1920,1080
fish,1363,801,00077.jpg,1920,1080
fish,566,354,00077.jpg,1920,1080
fish,367,153,00077.jpg,1920,1080
fish,369,102,00077.jpg,1920,1080
fish,533,17,00077.jpg,1920,1080
fish,571,265,00077.jpg,1920,1080
fish,500,279,00077.jpg,1920,1080
fish,690,371,00077.jpg,1920,1080
fish,747,98,00077.jpg,1920,1080
fish,864,42,00077.jpg,1920,1080
fish,872,125,00077.jpg,1920,1080
fish,853,175,00077.jpg,1920,1080
fish,944,182,00077.jpg,1920,1080
fish,1051,142,00077.jpg,1920,1080
fish,1015,285,00077.jpg,1920,1080
fish,1335,55,00077.jpg,1920,1080
fish,1548,163,00077.jpg,1920,1080
fish,1471,191,00077.jpg,1920,1080
fish,1602,106,00077.jpg,1920,1080
fish,1691,97,00077.jpg,1920,1080
fish,1697,47,00077.jpg,1920,1080
fish,1853,39,00077.jpg,1920,1080
fish,1879,216,00077.jpg,1920,1080
fish,1857,376,00077.jpg,1920,1080
fish,113,280,00078.jpg,1920,1080
fish,102,216,00078.jpg,1920,1080
fish,318,318,00078.jpg,1920,1080
fish,267,370,00078.jpg,1920,1080
fish,398,269,00078.jpg,1920,1080
fish,144,999,00078.jpg,1920,1080
fish,518,695,00078.jpg,1920,1080
fish,524,412,00078.jpg,1920,1080
fish,645,357,00078.jpg,1920,1080
fish,712,321,00078.jpg,1920,1080
fish,737,251,00078.jpg,1920,1080
fish,744,197,00078.jpg,1920,1080
fish,744,122,00078.jpg,1920,1080
fish,806,102,00078.jpg,1920,1080
fish,814,14,00078.jpg,1920,1080
fish,543,75,00078.jpg,1920,1080
fish,877,186,00078.jpg,1920,1080
fish,780,398,00078.jpg,1920,1080
fish,1054,149,00078.jpg,1920,1080
fish,1120,58,00078.jpg,1920,1080
fish,1252,197,00078.jpg,1920,1080
fish,1291,229,00078.jpg,1920,1080
fish,1407,323,00078.jpg,1920,1080
fish,1324,695,00078.jpg,1920,1080
fish,1504,205,00078.jpg,1920,1080
fish,1437,113,00078.jpg,1920,1080
fish,1540,61,00078.jpg,1920,1080
fish,1696,37,00078.jpg,1920,1080
fish,1890,100,00078.jpg,1920,1080
fish,1784,423,00078.jpg,1920,1080
fish,1873,420,00078.jpg,1920,1080
fish,318,1069,00079.jpg,1920,1080
fish,144,993,00079.jpg,1920,1080
fish,19,327,00079.jpg,1920,1080
fish,24,135,00079.jpg,1920,1080
fish,49,42,00079.jpg,1920,1080
fish,456,450,00079.jpg,1920,1080
fish,478,541,00079.jpg,1920,1080
fish,518,695,00079.jpg,1920,1080
fish,635,354,00079.jpg,1920,1080
fish,700,390,00079.jpg,1920,1080
fish,756,431,00079.jpg,1920,1080
fish,882,360,00079.jpg,1920,1080
fish,814,252,00079.jpg,1920,1080
fish,587,172,00079.jpg,1920,1080
fish,662,182,00079.jpg,1920,1080
fish,728,97,00079.jpg,1920,1080
fish,747,42,00079.jpg,1920,1080
fish,780,125,00079.jpg,1920,1080
fish,1145,31,00079.jpg,1920,1080
fish,1242,113,00079.jpg,1920,1080
fish,1222,185,00079.jpg,1920,1080
fish,1396,225,00079.jpg,1920,1080
fish,1387,144,00079.jpg,1920,1080
fish,1442,102,00079.jpg,1920,1080
fish,1545,67,00079.jpg,1920,1080
fish,1598,31,00079.jpg,1920,1080
fish,1635,65,00079.jpg,1920,1080
fish,1755,15,00079.jpg,1920,1080
fish,1838,47,00079.jpg,1920,1080
fish,1609,389,00079.jpg,1920,1080
fish,1730,422,00079.jpg,1920,1080
fish,1787,359,00079.jpg,1920,1080
fish,1694,850,00079.jpg,1920,1080
fish,1438,674,00079.jpg,1920,1080
fish,417,906,00080.jpg,1920,1080
fish,179,966,00080.jpg,1920,1080
fish,527,701,00080.jpg,1920,1080
fish,445,216,00080.jpg,1920,1080
fish,398,64,00080.jpg,1920,1080
fish,547,111,00080.jpg,1920,1080
fish,618,22,00080.jpg,1920,1080
fish,709,67,00080.jpg,1920,1080
fish,899,103,00080.jpg,1920,1080
fish,679,327,00080.jpg,1920,1080
fish,842,931,00080.jpg,1920,1080
fish,899,448,00080.jpg,1920,1080
fish,913,326,00080.jpg,1920,1080
fish,1067,166,00080.jpg,1920,1080
fish,1012,65,00080.jpg,1920,1080
fish,1200,34,00080.jpg,1920,1080
fish,1267,80,00080.jpg,1920,1080
fish,1198,152,00080.jpg,1920,1080
fish,1155,258,00080.jpg,1920,1080
fish,1173,313,00080.jpg,1920,1080
fish,1349,464,00080.jpg,1920,1080
fish,1305,602,00080.jpg,1920,1080
fish,1479,323,00080.jpg,1920,1080
fish,1518,227,00080.jpg,1920,1080
fish,1380,122,00080.jpg,1920,1080
fish,1485,114,00080.jpg,1920,1080
fish,1620,149,00080.jpg,1920,1080
fish,1697,29,00080.jpg,1920,1080
fish,1782,133,00080.jpg,1920,1080
fish,1909,177,00080.jpg,1920,1080
fish,505,709,00081.jpg,1920,1080
fish,995,1052,00081.jpg,1920,1080
fish,1390,898,00081.jpg,1920,1080
fish,1895,1062,00081.jpg,1920,1080
fish,955,613,00081.jpg,1920,1080
fish,1214,563,00081.jpg,1920,1080
fish,1310,527,00081.jpg,1920,1080
fish,284,440,00081.jpg,1920,1080
fish,72,257,00081.jpg,1920,1080
fish,215,65,00081.jpg,1920,1080
fish,320,301,00081.jpg,1920,1080
fish,249,273,00081.jpg,1920,1080
fish,445,225,00081.jpg,1920,1080
fish,474,114,00081.jpg,1920,1080
fish,547,251,00081.jpg,1920,1080
fish,634,189,00081.jpg,1920,1080
fish,880,78,00081.jpg,1920,1080
fish,689,335,00081.jpg,1920,1080
fish,902,313,00081.jpg,1920,1080
fish,965,284,00081.jpg,1920,1080
fish,1026,313,00081.jpg,1920,1080
fish,1082,202,00081.jpg,1920,1080
fish,1468,124,00081.jpg,1920,1080
fish,1649,141,00081.jpg,1920,1080
fish,1459,178,00081.jpg,1920,1080
fish,1693,25,00081.jpg,1920,1080
fish,1776,45,00081.jpg,1920,1080
fish,1870,108,00081.jpg,1920,1080
fish,1887,268,00081.jpg,1920,1080
fish,1710,647,00081.jpg,1920,1080
fish,1898,804,00081.jpg,1920,1080
fish,157,1007,00082.jpg,1920,1080
fish,522,696,00082.jpg,1920,1080
fish,794,502,00082.jpg,1920,1080
fish,751,343,00082.jpg,1920,1080
fish,841,274,00082.jpg,1920,1080
fish,759,199,00082.jpg,1920,1080
fish,527,147,00082.jpg,1920,1080
fish,353,135,00082.jpg,1920,1080
fish,281,78,00082.jpg,1920,1080
fish,405,89,00082.jpg,1920,1080
fish,467,53,00082.jpg,1920,1080
fish,599,80,00082.jpg,1920,1080
fish,858,120,00082.jpg,1920,1080
fish,927,26,00082.jpg,1920,1080
fish,1115,153,00082.jpg,1920,1080
fish,1126,119,00082.jpg,1920,1080
fish,1092,316,00082.jpg,1920,1080
fish,1031,395,00082.jpg,1920,1080
fish,1253,321,00082.jpg,1920,1080
fish,1315,608,00082.jpg,1920,1080
fish,1467,271,00082.jpg,1920,1080
fish,1322,155,00082.jpg,1920,1080
fish,1373,94,00082.jpg,1920,1080
fish,1202,61,00082.jpg,1920,1080
fish,1595,58,00082.jpg,1920,1080
fish,1824,50,00082.jpg,1920,1080
fish,1893,720,00082.jpg,1920,1080
fish,1733,669,00082.jpg,1920,1080
fish,1459,429,00082.jpg,1920,1080
fish,1551,641,00082.jpg,1920,1080
fish,152,1008,00083.jpg,1920,1080
fish,271,486,00083.jpg,1920,1080
fish,125,269,00083.jpg,1920,1080
fish,356,225,00083.jpg,1920,1080
fish,264,124,00083.jpg,1920,1080
fish,387,87,00083.jpg,1920,1080
fish,689,155,00083.jpg,1920,1080
fish,675,309,00083.jpg,1920,1080
fish,648,390,00083.jpg,1920,1080
fish,499,723,00083.jpg,1920,1080
fish,778,898,00083.jpg,1920,1080
fish,1125,1040,00083.jpg,1920,1080
fish,772,282,00083.jpg,1920,1080
fish,852,257,00083.jpg,1920,1080
fish,947,268,00083.jpg,1920,1080
fish,882,345,00083.jpg,1920,1080
fish,1010,174,00083.jpg,1920,1080
fish,1082,155,00083.jpg,1920,1080
fish,1114,97,00083.jpg,1920,1080
fish,885,11,00083.jpg,1920,1080
fish,1153,167,00083.jpg,1920,1080
fish,1313,113,00083.jpg,1920,1080
fish,1396,89,00083.jpg,1920,1080
fish,1431,144,00083.jpg,1920,1080
fish,1365,194,00083.jpg,1920,1080
fish,1479,251,00083.jpg,1920,1080
fish,1581,251,00083.jpg,1920,1080
fish,1697,177,00083.jpg,1920,1080
fish,1724,125,00083.jpg,1920,1080
fish,1774,39,00083.jpg,1920,1080
fish,1876,25,00083.jpg,1920,1080
fish,1901,310,00083.jpg,1920,1080
fish,1550,11,00083.jpg,1920,1080
fish,311,552,00084.jpg,1920,1080
fish,157,1011,00084.jpg,1920,1080
fish,505,715,00084.jpg,1920,1080
fish,866,1046,00084.jpg,1920,1080
fish,995,1038,00084.jpg,1920,1080
fish,177,221,00084.jpg,1920,1080
fish,268,156,00084.jpg,1920,1080
fish,176,65,00084.jpg,1920,1080
fish,320,26,00084.jpg,1920,1080
fish,424,100,00084.jpg,1920,1080
fish,529,81,00084.jpg,1920,1080
fish,596,182,00084.jpg,1920,1080
fish,670,304,00084.jpg,1920,1080
fish,602,290,00084.jpg,1920,1080
fish,726,334,00084.jpg,1920,1080
fish,787,379,00084.jpg,1920,1080
fish,990,359,00084.jpg,1920,1080
fish,1213,451,00084.jpg,1920,1080
fish,1145,241,00084.jpg,1920,1080
fish,718,175,00084.jpg,1920,1080
fish,725,124,00084.jpg,1920,1080
fish,825,119,00084.jpg,1920,1080
fish,913,142,00084.jpg,1920,1080
fish,1021,18,00084.jpg,1920,1080
fish,1139,51,00084.jpg,1920,1080
fish,1117,102,00084.jpg,1920,1080
fish,1046,113,00084.jpg,1920,1080
fish,1332,81,00084.jpg,1920,1080
fish,1343,12,00084.jpg,1920,1080
fish,1377,147,00084.jpg,1920,1080
fish,1500,155,00084.jpg,1920,1080
fish,1388,257,00084.jpg,1920,1080
fish,1613,167,00084.jpg,1920,1080
fish,1762,72,00084.jpg,1920,1080
fish,1592,28,00084.jpg,1920,1080
fish,1875,44,00084.jpg,1920,1080
fish,1776,188,00084.jpg,1920,1080
fish,1901,128,00084.jpg,1920,1080
fish,1840,230,00084.jpg,1920,1080
fish,166,1000,00085.jpg,1920,1080
fish,535,707,00085.jpg,1920,1080
fish,590,498,00085.jpg,1920,1080
fish,623,309,00085.jpg,1920,1080
fish,53,62,00085.jpg,1920,1080
fish,253,108,00085.jpg,1920,1080
fish,317,149,00085.jpg,1920,1080
fish,268,199,00085.jpg,1920,1080
fish,375,9,00085.jpg,1920,1080
fish,469,95,00085.jpg,1920,1080
fish,405,247,00085.jpg,1920,1080
fish,521,215,00085.jpg,1920,1080
fish,577,111,00085.jpg,1920,1080
fish,717,55,00085.jpg,1920,1080
fish,709,144,00085.jpg,1920,1080
fish,861,70,00085.jpg,1920,1080
fish,886,164,00085.jpg,1920,1080
fish,1029,102,00085.jpg,1920,1080
fish,1220,249,00085.jpg,1920,1080
fish,1068,326,00085.jpg,1920,1080
fish,1224,390,00085.jpg,1920,1080
fish,1299,387,00085.jpg,1920,1080
fish,1269,177,00085.jpg,1920,1080
fish,1222,172,00085.jpg,1920,1080
fish,1354,111,00085.jpg,1920,1080
fish,1438,67,00085.jpg,1920,1080
fish,1763,103,00085.jpg,1920,1080
fish,1507,251,00085.jpg,1920,1080
fish,1680,251,00085.jpg,1920,1080
fish,1860,415,00085.jpg,1920,1080
fish,1829,145,00085.jpg,1920,1080
fish,234,972,00086.jpg,1920,1080
fish,75,307,00086.jpg,1920,1080
fish,22,238,00086.jpg,1920,1080
fish,60,113,00086.jpg,1920,1080
fish,295,257,00086.jpg,1920,1080
fish,323,210,00086.jpg,1920,1080
fish,486,135,00086.jpg,1920,1080
fish,595,59,00086.jpg,1920,1080
fish,577,15,00086.jpg,1920,1080
fish,580,312,00086.jpg,1920,1080
fish,623,343,00086.jpg,1920,1080
fish,612,831,00086.jpg,1920,1080
fish,1043,1027,00086.jpg,1920,1080
fish,921,356,00086.jpg,1920,1080
fish,872,299,00086.jpg,1920,1080
fish,1048,295,00086.jpg,1920,1080
fish,1125,149,00086.jpg,1920,1080
fish,1245,257,00086.jpg,1920,1080
fish,1327,271,00086.jpg,1920,1080
fish,1278,382,00086.jpg,1920,1080
fish,1247,530,00086.jpg,1920,1080
fish,1644,735,00086.jpg,1920,1080
fish,1688,160,00086.jpg,1920,1080
fish,1815,65,00086.jpg,1920,1080
fish,1904,183,00086.jpg,1920,1080
fish,344,997,00087.jpg,1920,1080
fish,563,801,00087.jpg,1920,1080
fish,847,903,00087.jpg,1920,1080
fish,976,1015,00087.jpg,1920,1080
fish,66,199,00087.jpg,1920,1080
fish,35,58,00087.jpg,1920,1080
fish,246,94,00087.jpg,1920,1080
fish,212,244,00087.jpg,1920,1080
fish,334,153,00087.jpg,1920,1080
fish,417,296,00087.jpg,1920,1080
fish,645,83,00087.jpg,1920,1080
fish,733,135,00087.jpg,1920,1080
fish,703,210,00087.jpg,1920,1080
fish,789,277,00087.jpg,1920,1080
fish,667,359,00087.jpg,1920,1080
fish,684,407,00087.jpg,1920,1080
fish,919,208,00087.jpg,1920,1080
fish,965,290,00087.jpg,1920,1080
fish,955,48,00087.jpg,1920,1080
fish,1090,316,00087.jpg,1920,1080
fish,1249,385,00087.jpg,1920,1080
fish,1310,395,00087.jpg,1920,1080
fish,1260,467,00087.jpg,1920,1080
fish,1294,180,00087.jpg,1920,1080
fish,1382,18,00087.jpg,1920,1080
fish,1536,55,00087.jpg,1920,1080
fish,1487,182,00087.jpg,1920,1080
fish,1652,36,00087.jpg,1920,1080
fish,1517,392,00087.jpg,1920,1080
fish,1416,594,00087.jpg,1920,1080
fish,1736,342,00087.jpg,1920,1080
fish,1779,1054,00087.jpg,1920,1080
fish,49,182,00088.jpg,1920,1080
fish,42,84,00088.jpg,1920,1080
fish,182,122,00088.jpg,1920,1080
fish,350,263,00088.jpg,1920,1080
fish,422,128,00088.jpg,1920,1080
fish,504,103,00088.jpg,1920,1080
fish,290,36,00088.jpg,1920,1080
fish,486,186,00088.jpg,1920,1080
fish,593,150,00088.jpg,1920,1080
fish,557,241,00088.jpg,1920,1080
fish,463,389,00088.jpg,1920,1080
fish,544,770,00088.jpg,1920,1080
fish,298,1057,00088.jpg,1920,1080
fish,609,942,00088.jpg,1920,1080
fish,999,867,00088.jpg,1920,1080
fish,1012,975,00088.jpg,1920,1080
fish,1133,798,00088.jpg,1920,1080
fish,1150,993,00088.jpg,1920,1080
fish,1882,688,00088.jpg,1920,1080
fish,1421,448,00088.jpg,1920,1080
fish,1804,404,00088.jpg,1920,1080
fish,1867,183,00088.jpg,1920,1080
fish,1760,145,00088.jpg,1920,1080
fish,1784,100,00088.jpg,1920,1080
fish,1774,29,00088.jpg,1920,1080
fish,1697,29,00088.jpg,1920,1080
fish,1358,95,00088.jpg,1920,1080
fish,1471,124,00088.jpg,1920,1080
fish,1299,240,00088.jpg,1920,1080
fish,1144,312,00088.jpg,1920,1080
fish,951,265,00088.jpg,1920,1080
fish,1056,193,00088.jpg,1920,1080
fish,918,193,00088.jpg,1920,1080
fish,908,26,00088.jpg,1920,1080
fish,736,131,00088.jpg,1920,1080
fish,682,166,00088.jpg,1920,1080
fish,700,199,00088.jpg,1920,1080
fish,649,279,00088.jpg,1920,1080
fish,695,354,00088.jpg,1920,1080
fish,152,108,00089.jpg,1920,1080
fish,22,120,00089.jpg,1920,1080
fish,64,935,00089.jpg,1920,1080
fish,191,1000,00089.jpg,1920,1080
fish,431,815,00089.jpg,1920,1080
fish,563,680,00089.jpg,1920,1080
fish,764,897,00089.jpg,1920,1080
fish,524,492,00089.jpg,1920,1080
fish,469,453,00089.jpg,1920,1080
fish,546,359,00089.jpg,1920,1080
fish,413,255,00089.jpg,1920,1080
fish,444,167,00089.jpg,1920,1080
fish,496,116,00089.jpg,1920,1080
fish,678,135,00089.jpg,1920,1080
fish,695,354,00089.jpg,1920,1080
fish,899,331,00089.jpg,1920,1080
fish,982,191,00089.jpg,1920,1080
fish,878,145,00089.jpg,1920,1080
fish,951,95,00089.jpg,1920,1080
fish,1016,25,00089.jpg,1920,1080
fish,1071,22,00089.jpg,1920,1080
fish,1341,36,00089.jpg,1920,1080
fish,1158,204,00089.jpg,1920,1080
fish,1194,247,00089.jpg,1920,1080
fish,1098,367,00089.jpg,1920,1080
fish,1004,487,00089.jpg,1920,1080
fish,1186,316,00089.jpg,1920,1080
fish,1271,316,00089.jpg,1920,1080
fish,1308,236,00089.jpg,1920,1080
fish,1371,260,00089.jpg,1920,1080
fish,1573,149,00089.jpg,1920,1080
fish,1536,274,00089.jpg,1920,1080
fish,1489,334,00089.jpg,1920,1080
fish,1617,225,00089.jpg,1920,1080
fish,1682,221,00089.jpg,1920,1080
fish,1636,301,00089.jpg,1920,1080
fish,1860,133,00089.jpg,1920,1080
fish,5,1071,00089.jpg,1920,1080
fish,1906,70,00089.jpg,1920,1080
fish,31,991,00090.jpg,1920,1080
fish,267,985,00090.jpg,1920,1080
fish,455,727,00090.jpg,1920,1080
fish,1082,996,00090.jpg,1920,1080
fish,1001,745,00090.jpg,1920,1080
fish,1335,787,00090.jpg,1920,1080
fish,1300,536,00090.jpg,1920,1080
fish,257,404,00090.jpg,1920,1080
fish,224,257,00090.jpg,1920,1080
fish,227,124,00090.jpg,1920,1080
fish,121,80,00090.jpg,1920,1080
fish,345,273,00090.jpg,1920,1080
fish,395,428,00090.jpg,1920,1080
fish,491,113,00090.jpg,1920,1080
fish,656,172,00090.jpg,1920,1080
fish,758,204,00090.jpg,1920,1080
fish,676,301,00090.jpg,1920,1080
fish,665,373,00090.jpg,1920,1080
fish,591,370,00090.jpg,1920,1080
fish,993,22,00090.jpg,1920,1080
fish,904,273,00090.jpg,1920,1080
fish,988,367,00090.jpg,1920,1080
fish,1211,279,00090.jpg,1920,1080
fish,1274,193,00090.jpg,1920,1080
fish,1551,61,00090.jpg,1920,1080
fish,1746,75,00090.jpg,1920,1080
fish,1677,133,00090.jpg,1920,1080
fish,1641,213,00090.jpg,1920,1080
fish,1849,109,00090.jpg,1920,1080
fish,1881,365,00090.jpg,1920,1080
fish,44,925,00091.jpg,1920,1080
fish,41,1024,00091.jpg,1920,1080
fish,231,489,00091.jpg,1920,1080
fish,339,480,00091.jpg,1920,1080
fish,130,310,00091.jpg,1920,1080
fish,151,177,00091.jpg,1920,1080
fish,445,105,00091.jpg,1920,1080
fish,519,40,00091.jpg,1920,1080
fish,769,262,00091.jpg,1920,1080
fish,613,362,00091.jpg,1920,1080
fish,405,360,00091.jpg,1920,1080
fish,444,680,00091.jpg,1920,1080
fish,1090,1011,00091.jpg,1920,1080
fish,1603,673,00091.jpg,1920,1080
fish,1518,688,00091.jpg,1920,1080
fish,1150,428,00091.jpg,1920,1080
fish,908,335,00091.jpg,1920,1080
fish,1112,251,00091.jpg,1920,1080
fish,1140,166,00091.jpg,1920,1080
fish,1046,141,00091.jpg,1920,1080
fish,971,161,00091.jpg,1920,1080
fish,1136,55,00091.jpg,1920,1080
fish,1035,87,00091.jpg,1920,1080
fish,1324,236,00091.jpg,1920,1080
fish,1453,92,00091.jpg,1920,1080
fish,1515,131,00091.jpg,1920,1080
fish,1580,47,00091.jpg,1920,1080
fish,1780,193,00091.jpg,1920,1080
fish,1765,316,00091.jpg,1920,1080
fish,1907,59,00091.jpg,1920,1080
fish,136,415,00092.jpg,1920,1080
fish,207,364,00092.jpg,1920,1080
fish,201,1036,00092.jpg,1920,1080
fish,309,1052,00092.jpg,1920,1080
fish,516,715,00092.jpg,1920,1080
fish,736,690,00092.jpg,1920,1080
fish,980,850,00092.jpg,1920,1080
fish,1172,731,00092.jpg,1920,1080
fish,1793,594,00092.jpg,1920,1080
fish,1625,459,00092.jpg,1920,1080
fish,375,44,00092.jpg,1920,1080
fish,259,175,00092.jpg,1920,1080
fish,585,282,00092.jpg,1920,1080
fish,472,240,00092.jpg,1920,1080
fish,311,324,00092.jpg,1920,1080
fish,638,200,00092.jpg,1920,1080
fish,590,164,00092.jpg,1920,1080
fish,668,83,00092.jpg,1920,1080
fish,616,65,00092.jpg,1920,1080
fish,814,199,00092.jpg,1920,1080
fish,944,171,00092.jpg,1920,1080
fish,722,332,00092.jpg,1920,1080
fish,940,371,00092.jpg,1920,1080
fish,1001,429,00092.jpg,1920,1080
fish,1087,312,00092.jpg,1920,1080
fish,1093,247,00092.jpg,1920,1080
fish,1256,83,00092.jpg,1920,1080
fish,1013,12,00092.jpg,1920,1080
fish,1603,163,00092.jpg,1920,1080
fish,1559,70,00092.jpg,1920,1080
fish,1464,26,00092.jpg,1920,1080
fish,1799,55,00092.jpg,1920,1080
fish,1884,65,00092.jpg,1920,1080
fish,157,390,00093.jpg,1920,1080
fish,38,1018,00093.jpg,1920,1080
fish,220,1041,00093.jpg,1920,1080
fish,309,1063,00093.jpg,1920,1080
fish,493,713,00093.jpg,1920,1080
fish,532,567,00093.jpg,1920,1080
fish,602,514,00093.jpg,1920,1080
fish,450,313,00093.jpg,1920,1080
fish,315,105,00093.jpg,1920,1080
fish,524,50,00093.jpg,1920,1080
fish,696,80,00093.jpg,1920,1080
fish,715,290,00093.jpg,1920,1080
fish,621,385,00093.jpg,1920,1080
fish,842,790,00093.jpg,1920,1080
fish,817,977,00093.jpg,1920,1080
fish,1053,1058,00093.jpg,1920,1080
fish,1139,809,00093.jpg,1920,1080
fish,1067,748,00093.jpg,1920,1080
fish,965,522,00093.jpg,1920,1080
fish,921,243,00093.jpg,1920,1080
fish,1093,238,00093.jpg,1920,1080
fish,1070,276,00093.jpg,1920,1080
fish,1358,235,00093.jpg,1920,1080
fish,1410,301,00093.jpg,1920,1080
fish,1471,177,00093.jpg,1920,1080
fish,1457,89,00093.jpg,1920,1080
fish,1636,62,00093.jpg,1920,1080
fish,1608,418,00093.jpg,1920,1080
fish,1801,76,00093.jpg,1920,1080
fish,1879,153,00093.jpg,1920,1080
fish,693,627,00093.jpg,1920,1080
fish,811,624,00093.jpg,1920,1080
fish,1398,964,00093.jpg,1920,1080
fish,49,1015,00094.jpg,1920,1080
fish,213,1036,00094.jpg,1920,1080
fish,303,1007,00094.jpg,1920,1080
fish,431,902,00094.jpg,1920,1080
fish,370,701,00094.jpg,1920,1080
fish,174,696,00094.jpg,1920,1080
fish,28,396,00094.jpg,1920,1080
fish,19,280,00094.jpg,1920,1080
fish,52,65,00094.jpg,1920,1080
fish,216,103,00094.jpg,1920,1080
fish,289,109,00094.jpg,1920,1080
fish,282,202,00094.jpg,1920,1080
fish,224,425,00094.jpg,1920,1080
fish,436,280,00094.jpg,1920,1080
fish,471,216,00094.jpg,1920,1080
fish,450,20,00094.jpg,1920,1080
fish,560,252,00094.jpg,1920,1080
fish,645,375,00094.jpg,1920,1080
fish,604,453,00094.jpg,1920,1080
fish,726,593,00094.jpg,1920,1080
fish,1131,597,00094.jpg,1920,1080
fish,855,338,00094.jpg,1920,1080
fish,802,204,00094.jpg,1920,1080
fish,900,145,00094.jpg,1920,1080
fish,925,183,00094.jpg,1920,1080
fish,776,58,00094.jpg,1920,1080
fish,1170,81,00094.jpg,1920,1080
fish,1082,117,00094.jpg,1920,1080
fish,1624,247,00094.jpg,1920,1080
fish,1446,105,00094.jpg,1920,1080
fish,1707,12,00094.jpg,1920,1080
fish,1875,106,00094.jpg,1920,1080
fish,373,702,00095.jpg,1920,1080
fish,731,622,00095.jpg,1920,1080
fish,97,442,00095.jpg,1920,1080
fish,220,411,00095.jpg,1920,1080
fish,177,247,00095.jpg,1920,1080
fish,96,158,00095.jpg,1920,1080
fish,80,65,00095.jpg,1920,1080
fish,287,111,00095.jpg,1920,1080
fish,502,58,00095.jpg,1920,1080
fish,615,207,00095.jpg,1920,1080
fish,359,320,00095.jpg,1920,1080
fish,555,334,00095.jpg,1920,1080
fish,696,164,00095.jpg,1920,1080
fish,780,180,00095.jpg,1920,1080
fish,736,247,00095.jpg,1920,1080
fish,824,39,00095.jpg,1920,1080
fish,1004,138,00095.jpg,1920,1080
fish,1412,108,00095.jpg,1920,1080
fish,1373,202,00095.jpg,1920,1080
fish,1347,224,00095.jpg,1920,1080
fish,1487,152,00095.jpg,1920,1080
fish,1520,33,00095.jpg,1920,1080
fish,1529,257,00095.jpg,1920,1080
fish,1655,367,00095.jpg,1920,1080
fish,1827,73,00095.jpg,1920,1080
fish,1896,277,00095.jpg,1920,1080
fish,347,738,00096.jpg,1920,1080
fish,257,544,00096.jpg,1920,1080
fish,80,575,00096.jpg,1920,1080
fish,149,759,00096.jpg,1920,1080
fish,190,958,00096.jpg,1920,1080
fish,16,999,00096.jpg,1920,1080
fish,264,331,00096.jpg,1920,1080
fish,169,418,00096.jpg,1920,1080
fish,209,439,00096.jpg,1920,1080
fish,588,453,00096.jpg,1920,1080
fish,527,384,00096.jpg,1920,1080
fish,524,498,00096.jpg,1920,1080
fish,403,528,00096.jpg,1920,1080
fish,675,461,00096.jpg,1920,1080
fish,584,287,00096.jpg,1920,1080
fish,607,150,00096.jpg,1920,1080
fish,824,282,00096.jpg,1920,1080
fish,913,133,00096.jpg,1920,1080
fish,1012,160,00096.jpg,1920,1080
fish,1035,210,00096.jpg,1920,1080
fish,1191,51,00096.jpg,1920,1080
fish,1161,571,00096.jpg,1920,1080
fish,1421,109,00096.jpg,1920,1080
fish,1432,31,00096.jpg,1920,1080
fish,1635,80,00096.jpg,1920,1080
fish,1744,91,00096.jpg,1920,1080
fish,1708,172,00096.jpg,1920,1080
fish,1639,251,00096.jpg,1920,1080
fish,1859,116,00096.jpg,1920,1080
fish,1854,583,00096.jpg,1920,1080
fish,108,1046,00097.jpg,1920,1080
fish,115,942,00097.jpg,1920,1080
fish,144,803,00097.jpg,1920,1080
fish,278,619,00097.jpg,1920,1080
fish,60,384,00097.jpg,1920,1080
fish,72,89,00097.jpg,1920,1080
fish,329,44,00097.jpg,1920,1080
fish,488,269,00097.jpg,1920,1080
fish,656,191,00097.jpg,1920,1080
fish,361,553,00097.jpg,1920,1080
fish,428,760,00097.jpg,1920,1080
fish,765,1060,00097.jpg,1920,1080
fish,1057,611,00097.jpg,1920,1080
fish,1150,685,00097.jpg,1920,1080
fish,1021,527,00097.jpg,1920,1080
fish,900,531,00097.jpg,1920,1080
fish,831,577,00097.jpg,1920,1080
fish,800,315,00097.jpg,1920,1080
fish,883,260,00097.jpg,1920,1080
fish,880,83,00097.jpg,1920,1080
fish,1013,342,00097.jpg,1920,1080
fish,1114,258,00097.jpg,1920,1080
fish,1098,145,00097.jpg,1920,1080
fish,1219,141,00097.jpg,1920,1080
fish,1302,114,00097.jpg,1920,1080
fish,1230,406,00097.jpg,1920,1080
fish,1459,296,00097.jpg,1920,1080
fish,1465,189,00097.jpg,1920,1080
fish,1573,175,00097.jpg,1920,1080
fish,1769,376,00097.jpg,1920,1080
fish,1895,371,00097.jpg,1920,1080
fish,1879,44,00097.jpg,1920,1080
fish,78,1004,00098.jpg,1920,1080
fish,173,545,00098.jpg,1920,1080
fish,38,411,00098.jpg,1920,1080
fish,31,149,00098.jpg,1920,1080
fish,191,103,00098.jpg,1920,1080
fish,251,194,00098.jpg,1920,1080
fish,231,305,00098.jpg,1920,1080
fish,469,436,00098.jpg,1920,1080
fish,538,401,00098.jpg,1920,1080
fish,425,749,00098.jpg,1920,1080
fish,701,433,00098.jpg,1920,1080
fish,767,197,00098.jpg,1920,1080
fish,875,152,00098.jpg,1920,1080
fish,927,343,00098.jpg,1920,1080
fish,783,709,00098.jpg,1920,1080
fish,1056,243,00098.jpg,1920,1080
fish,1109,136,00098.jpg,1920,1080
fish,1376,48,00098.jpg,1920,1080
fish,1324,229,00098.jpg,1920,1080
fish,1558,208,00098.jpg,1920,1080
fish,1548,280,00098.jpg,1920,1080
fish,1827,73,00098.jpg,1920,1080
fish,1889,116,00098.jpg,1920,1080
fish,1384,611,00098.jpg,1920,1080
fish,1821,939,00098.jpg,1920,1080
fish,1672,1011,00098.jpg,1920,1080
fish,78,1007,00099.jpg,1920,1080
fish,251,629,00099.jpg,1920,1080
fish,80,429,00099.jpg,1920,1080
fish,151,332,00099.jpg,1920,1080
fish,30,136,00099.jpg,1920,1080
fish,257,67,00099.jpg,1920,1080
fish,337,156,00099.jpg,1920,1080
fish,384,384,00099.jpg,1920,1080
fish,486,469,00099.jpg,1920,1080
fish,439,767,00099.jpg,1920,1080
fish,580,404,00099.jpg,1920,1080
fish,582,233,00099.jpg,1920,1080
fish,667,152,00099.jpg,1920,1080
fish,715,531,00099.jpg,1920,1080
fish,813,503,00099.jpg,1920,1080
fish,849,390,00099.jpg,1920,1080
fish,861,349,00099.jpg,1920,1080
fish,847,257,00099.jpg,1920,1080
fish,1021,202,00099.jpg,1920,1080
fish,1067,254,00099.jpg,1920,1080
fish,1139,75,00099.jpg,1920,1080
fish,1051,25,00099.jpg,1920,1080
fish,1070,354,00099.jpg,1920,1080
fish,988,447,00099.jpg,1920,1080
fish,1385,349,00099.jpg,1920,1080
fish,1369,684,00099.jpg,1920,1080
fish,1842,931,00099.jpg,1920,1080
fish,1876,288,00099.jpg,1920,1080
fish,1708,108,00099.jpg,1920,1080
fish,1784,31,00099.jpg,1920,1080
fish,1840,94,00099.jpg,1920,1080
fish,1470,120,00099.jpg,1920,1080
fish,185,925,00100.jpg,1920,1080
fish,93,1033,00100.jpg,1920,1080
fish,364,804,00100.jpg,1920,1080
fish,312,668,00100.jpg,1920,1080
fish,260,571,00100.jpg,1920,1080
fish,102,147,00100.jpg,1920,1080
fish,140,61,00100.jpg,1920,1080
fish,474,277,00100.jpg,1920,1080
fish,494,509,00100.jpg,1920,1080
fish,748,478,00100.jpg,1920,1080
fish,664,555,00100.jpg,1920,1080
fish,863,561,00100.jpg,1920,1080
fish,882,855,00100.jpg,1920,1080
fish,745,312,00100.jpg,1920,1080
fish,935,310,00100.jpg,1920,1080
fish,1004,141,00100.jpg,1920,1080
fish,1012,56,00100.jpg,1920,1080
fish,1109,304,00100.jpg,1920,1080
fish,1299,44,00100.jpg,1920,1080
fish,1437,20,00100.jpg,1920,1080
fish,1457,75,00100.jpg,1920,1080
fish,1547,166,00100.jpg,1920,1080
fish,1526,211,00100.jpg,1920,1080
fish,1699,62,00100.jpg,1920,1080
fish,1686,276,00100.jpg,1920,1080
fish,1798,221,00100.jpg,1920,1080
fish,1145,535,00100.jpg,1920,1080
fish,75,1036,00101.jpg,1920,1080
fish,179,448,00101.jpg,1920,1080
fish,314,420,00101.jpg,1920,1080
fish,179,236,00101.jpg,1920,1080
fish,256,202,00101.jpg,1920,1080
fish,249,81,00101.jpg,1920,1080
fish,419,258,00101.jpg,1920,1080
fish,193,14,00101.jpg,1920,1080
fish,292,652,00101.jpg,1920,1080
fish,436,594,00101.jpg,1920,1080
fish,651,541,00101.jpg,1920,1080
fish,759,549,00101.jpg,1920,1080
fish,546,415,00101.jpg,1920,1080
fish,657,225,00101.jpg,1920,1080
fish,765,174,00101.jpg,1920,1080
fish,888,22,00101.jpg,1920,1080
fish,960,147,00101.jpg,1920,1080
fish,866,346,00101.jpg,1920,1080
fish,968,335,00101.jpg,1920,1080
fish,1087,545,00101.jpg,1920,1080
fish,974,961,00101.jpg,1920,1080
fish,1233,295,00101.jpg,1920,1080
fish,1222,277,00101.jpg,1920,1080
fish,1144,160,00101.jpg,1920,1080
fish,1338,84,00101.jpg,1920,1080
fish,1462,61,00101.jpg,1920,1080
fish,1332,255,00101.jpg,1920,1080
fish,1460,236,00101.jpg,1920,1080
fish,1514,373,00101.jpg,1920,1080
fish,1721,232,00101.jpg,1920,1080
fish,1743,59,00101.jpg,1920,1080
fish,1875,44,00101.jpg,1920,1080
fish,1906,111,00101.jpg,1920,1080
fish,562,891,00102.jpg,1920,1080
fish,72,1019,00102.jpg,1920,1080
fish,334,685,00102.jpg,1920,1080
fish,215,70,00102.jpg,1920,1080
fish,409,191,00102.jpg,1920,1080
fish,444,163,00102.jpg,1920,1080
fish,588,271,00102.jpg,1920,1080
fish,521,376,00102.jpg,1920,1080
fish,627,520,00102.jpg,1920,1080
fish,1027,952,00102.jpg,1920,1080
fish,778,326,00102.jpg,1920,1080
fish,885,327,00102.jpg,1920,1080
fish,908,167,00102.jpg,1920,1080
fish,845,169,00102.jpg,1920,1080
fish,1032,53,00102.jpg,1920,1080
fish,1067,167,00102.jpg,1920,1080
fish,1256,252,00102.jpg,1920,1080
fish,1082,483,00102.jpg,1920,1080
fish,1424,418,00102.jpg,1920,1080
fish,1551,258,00102.jpg,1920,1080
fish,1511,189,00102.jpg,1920,1080
fish,1536,160,00102.jpg,1920,1080
fish,1490,75,00102.jpg,1920,1080
fish,1523,36,00102.jpg,1920,1080
fish,1644,37,00102.jpg,1920,1080
fish,1680,113,00102.jpg,1920,1080
fish,1809,373,00102.jpg,1920,1080
fish,1854,533,00102.jpg,1920,1080
fish,1569,607,00102.jpg,1920,1080
fish,143,1030,00103.jpg,1920,1080
fish,52,1013,00103.jpg,1920,1080
fish,960,1013,00103.jpg,1920,1080
fish,1037,577,00103.jpg,1920,1080
fish,940,528,00103.jpg,1920,1080
fish,152,425,00103.jpg,1920,1080
fish,144,258,00103.jpg,1920,1080
fish,31,266,00103.jpg,1920,1080
fish,125,167,00103.jpg,1920,1080
fish,223,188,00103.jpg,1920,1080
fish,285,167,00103.jpg,1920,1080
fish,389,229,00103.jpg,1920,1080
fish,317,254,00103.jpg,1920,1080
fish,345,342,00103.jpg,1920,1080
fish,522,291,00103.jpg,1920,1080
fish,505,425,00103.jpg,1920,1080
fish,532,191,00103.jpg,1920,1080
fish,554,97,00103.jpg,1920,1080
fish,626,34,00103.jpg,1920,1080
fish,734,98,00103.jpg,1920,1080
fish,756,142,00103.jpg,1920,1080
fish,888,15,00103.jpg,1920,1080
fish,918,229,00103.jpg,1920,1080
fish,835,337,00103.jpg,1920,1080
fish,1198,426,00103.jpg,1920,1080
fish,1249,349,00103.jpg,1920,1080
fish,1322,142,00103.jpg,1920,1080
fish,1319,67,00103.jpg,1920,1080
fish,1580,61,00103.jpg,1920,1080
fish,1733,20,00103.jpg,1920,1080
fish,1749,113,00103.jpg,1920,1080
fish,1799,213,00103.jpg,1920,1080
fish,1868,84,00103.jpg,1920,1080
fish,1875,20,00103.jpg,1920,1080
fish,1898,318,00103.jpg,1920,1080
fish,1617,213,00103.jpg,1920,1080
fish,33,491,00104.jpg,1920,1080
fish,64,966,00104.jpg,1920,1080
fish,168,1021,00104.jpg,1920,1080
fish,47,293,00104.jpg,1920,1080
fish,19,199,00104.jpg,1920,1080
fish,89,103,00104.jpg,1920,1080
fish,188,62,00104.jpg,1920,1080
fish,278,236,00104.jpg,1920,1080
fish,380,204,00104.jpg,1920,1080
fish,328,80,00104.jpg,1920,1080
fish,552,124,00104.jpg,1920,1080
fish,615,147,00104.jpg,1920,1080
fish,671,106,00104.jpg,1920,1080
fish,602,266,00104.jpg,1920,1080
fish,665,316,00104.jpg,1920,1080
fish,649,364,00104.jpg,1920,1080
fish,820,316,00104.jpg,1920,1080
fish,866,335,00104.jpg,1920,1080
fish,943,313,00104.jpg,1920,1080
fish,819,428,00104.jpg,1920,1080
fish,783,549,00104.jpg,1920,1080
fish,957,227,00104.jpg,1920,1080
fish,1079,136,00104.jpg,1920,1080
fish,1198,342,00104.jpg,1920,1080
fish,1183,428,00104.jpg,1920,1080
fish,1122,589,00104.jpg,1920,1080
fish,1344,78,00104.jpg,1920,1080
fish,1531,59,00104.jpg,1920,1080
fish,1564,100,00104.jpg,1920,1080
fish,1769,18,00104.jpg,1920,1080
fish,1885,28,00104.jpg,1920,1080
fish,1827,188,00104.jpg,1920,1080
fish,1705,252,00104.jpg,1920,1080
fish,1904,351,00104.jpg,1920,1080
fish,1813,506,00104.jpg,1920,1080
fish,157,1032,00105.jpg,1920,1080
fish,41,975,00105.jpg,1920,1080
fish,267,644,00105.jpg,1920,1080
fish,56,525,00105.jpg,1920,1080
fish,158,299,00105.jpg,1920,1080
fish,287,343,00105.jpg,1920,1080
fish,209,83,00105.jpg,1920,1080
fish,300,73,00105.jpg,1920,1080
fish,504,117,00105.jpg,1920,1080
fish,409,578,00105.jpg,1920,1080
fish,740,431,00105.jpg,1920,1080
fish,709,321,00105.jpg,1920,1080
fish,736,282,00105.jpg,1920,1080
fish,698,243,00105.jpg,1920,1080
fish,664,174,00105.jpg,1920,1080
fish,855,139,00105.jpg,1920,1080
fish,921,26,00105.jpg,1920,1080
fish,900,255,00105.jpg,1920,1080
fish,1007,375,00105.jpg,1920,1080
fish,1092,150,00105.jpg,1920,1080
fish,1167,412,00105.jpg,1920,1080
fish,1040,920,00105.jpg,1920,1080
fish,1249,906,00105.jpg,1920,1080
fish,1470,124,00105.jpg,1920,1080
fish,1393,73,00105.jpg,1920,1080
fish,1379,44,00105.jpg,1920,1080
fish,1517,26,00105.jpg,1920,1080
fish,1558,40,00105.jpg,1920,1080
fish,1586,149,00105.jpg,1920,1080
fish,1694,171,00105.jpg,1920,1080
fish,1809,78,00105.jpg,1920,1080
fish,177,1027,00106.jpg,1920,1080
fish,38,1032,00106.jpg,1920,1080
fish,88,953,00106.jpg,1920,1080
fish,358,578,00106.jpg,1920,1080
fish,436,563,00106.jpg,1920,1080
fish,245,434,00106.jpg,1920,1080
fish,204,357,00106.jpg,1920,1080
fish,55,277,00106.jpg,1920,1080
fish,16,262,00106.jpg,1920,1080
fish,13,191,00106.jpg,1920,1080
fish,30,53,00106.jpg,1920,1080
fish,333,92,00106.jpg,1920,1080
fish,392,116,00106.jpg,1920,1080
fish,406,305,00106.jpg,1920,1080
fish,441,279,00106.jpg,1920,1080
fish,482,450,00106.jpg,1920,1080
fish,670,549,00106.jpg,1920,1080
fish,573,911,00106.jpg,1920,1080
fish,595,382,00106.jpg,1920,1080
fish,722,338,00106.jpg,1920,1080
fish,847,243,00106.jpg,1920,1080
fish,723,197,00106.jpg,1920,1080
fish,739,73,00106.jpg,1920,1080
fish,1090,61,00106.jpg,1920,1080
fish,1366,97,00106.jpg,1920,1080
fish,1020,396,00106.jpg,1920,1080
fish,883,417,00106.jpg,1920,1080
fish,1153,429,00106.jpg,1920,1080
fish,1217,442,00106.jpg,1920,1080
fish,1107,1047,00106.jpg,1920,1080
fish,1245,964,00106.jpg,1920,1080
fish,1465,508,00106.jpg,1920,1080
fish,1627,423,00106.jpg,1920,1080
fish,298,327,00107.jpg,1920,1080
fish,35,64,00107.jpg,1920,1080
fish,116,975,00107.jpg,1920,1080
fish,463,1068,00107.jpg,1920,1080
fish,1021,960,00107.jpg,1920,1080
fish,1073,994,00107.jpg,1920,1080
fish,720,604,00107.jpg,1920,1080
fish,598,492,00107.jpg,1920,1080
fish,773,395,00107.jpg,1920,1080
fish,591,342,00107.jpg,1920,1080
fish,632,194,00107.jpg,1920,1080
fish,419,120,00107.jpg,1920,1080
fish,552,130,00107.jpg,1920,1080
fish,853,139,00107.jpg,1920,1080
fish,1031,59,00107.jpg,1920,1080
fish,1082,476,00107.jpg,1920,1080
fish,819,277,00107.jpg,1920,1080
fish,1235,461,00107.jpg,1920,1080
fish,1144,596,00107.jpg,1920,1080
fish,1434,473,00107.jpg,1920,1080
fish,1693,524,00107.jpg,1920,1080
fish,1622,723,00107.jpg,1920,1080
fish,1533,814,00107.jpg,1920,1080
fish,1818,232,00107.jpg,1920,1080
fish,1725,33,00107.jpg,1920,1080
fish,1479,62,00107.jpg,1920,1080
fish,1308,164,00107.jpg,1920,1080
fish,143,699,00108.jpg,1920,1080
fish,259,1049,00108.jpg,1920,1080
fish,447,1076,00108.jpg,1920,1080
fish,1015,1022,00108.jpg,1920,1080
fish,530,472,00108.jpg,1920,1080
fish,703,509,00108.jpg,1920,1080
fish,516,364,00108.jpg,1920,1080
fish,610,288,00108.jpg,1920,1080
fish,696,360,00108.jpg,1920,1080
fish,616,191,00108.jpg,1920,1080
fish,311,197,00108.jpg,1920,1080
fish,226,160,00108.jpg,1920,1080
fish,118,109,00108.jpg,1920,1080
fish,33,28,00108.jpg,1920,1080
fish,74,193,00108.jpg,1920,1080
fish,248,285,00108.jpg,1920,1080
fish,322,33,00108.jpg,1920,1080
fish,405,241,00108.jpg,1920,1080
fish,781,387,00108.jpg,1920,1080
fish,1089,354,00108.jpg,1920,1080
fish,1032,182,00108.jpg,1920,1080
fish,1278,109,00108.jpg,1920,1080
fish,1216,18,00108.jpg,1920,1080
fish,1128,127,00108.jpg,1920,1080
fish,1231,186,00108.jpg,1920,1080
fish,1512,249,00108.jpg,1920,1080
fish,1424,545,00108.jpg,1920,1080
fish,1642,434,00108.jpg,1920,1080
fish,1843,199,00108.jpg,1920,1080
fish,1771,205,00108.jpg,1920,1080
fish,1791,72,00108.jpg,1920,1080
fish,1517,40,00108.jpg,1920,1080
fish,1898,290,00108.jpg,1920,1080
fish,1790,600,00108.jpg,1920,1080
fish,262,1046,00109.jpg,1920,1080
fish,387,1065,00109.jpg,1920,1080
fish,207,655,00109.jpg,1920,1080
fish,20,531,00109.jpg,1920,1080
fish,67,453,00109.jpg,1920,1080
fish,22,251,00109.jpg,1920,1080
fish,173,210,00109.jpg,1920,1080
fish,195,98,00109.jpg,1920,1080
fish,38,31,00109.jpg,1920,1080
fish,387,114,00109.jpg,1920,1080
fish,513,95,00109.jpg,1920,1080
fish,499,222,00109.jpg,1920,1080
fish,444,273,00109.jpg,1920,1080
fish,613,301,00109.jpg,1920,1080
fish,814,362,00109.jpg,1920,1080
fish,811,478,00109.jpg,1920,1080
fish,789,560,00109.jpg,1920,1080
fish,809,225,00109.jpg,1920,1080
fish,781,89,00109.jpg,1920,1080
fish,882,113,00109.jpg,1920,1080
fish,877,72,00109.jpg,1920,1080
fish,991,25,00109.jpg,1920,1080
fish,995,211,00109.jpg,1920,1080
fish,993,263,00109.jpg,1920,1080
fish,1101,611,00109.jpg,1920,1080
fish,1238,247,00109.jpg,1920,1080
fish,1151,105,00109.jpg,1920,1080
fish,1293,69,00109.jpg,1920,1080
fish,1391,12,00109.jpg,1920,1080
fish,1489,102,00109.jpg,1920,1080
fish,1569,150,00109.jpg,1920,1080
fish,1437,266,00109.jpg,1920,1080
fish,1553,236,00109.jpg,1920,1080
fish,1641,442,00109.jpg,1920,1080
fish,1507,528,00109.jpg,1920,1080
fish,1649,296,00109.jpg,1920,1080
fish,1762,194,00109.jpg,1920,1080
fish,1751,103,00109.jpg,1920,1080
fish,1793,47,00109.jpg,1920,1080
fish,1611,34,00109.jpg,1920,1080
fish,1842,569,00109.jpg,1920,1080
fish,281,1024,00110.jpg,1920,1080
fish,202,704,00110.jpg,1920,1080
fish,28,960,00110.jpg,1920,1080
fish,615,1055,00110.jpg,1920,1080
fish,383,1065,00110.jpg,1920,1080
fish,19,87,00110.jpg,1920,1080
fish,49,36,00110.jpg,1920,1080
fish,386,51,00110.jpg,1920,1080
fish,402,113,00110.jpg,1920,1080
fish,295,265,00110.jpg,1920,1080
fish,402,265,00110.jpg,1920,1080
fish,417,393,00110.jpg,1920,1080
fish,504,87,00110.jpg,1920,1080
fish,582,138,00110.jpg,1920,1080
fish,671,95,00110.jpg,1920,1080
fish,656,236,00110.jpg,1920,1080
fish,717,299,00110.jpg,1920,1080
fish,623,364,00110.jpg,1920,1080
fish,701,440,00110.jpg,1920,1080
fish,787,406,00110.jpg,1920,1080
fish,863,404,00110.jpg,1920,1080
fish,784,467,00110.jpg,1920,1080
fish,915,487,00110.jpg,1920,1080
fish,979,215,00110.jpg,1920,1080
fish,1085,285,00110.jpg,1920,1080
fish,1297,216,00110.jpg,1920,1080
fish,1258,329,00110.jpg,1920,1080
fish,1360,401,00110.jpg,1920,1080
fish,1523,193,00110.jpg,1920,1080
fish,1351,55,00110.jpg,1920,1080
fish,1536,70,00110.jpg,1920,1080
fish,1639,94,00110.jpg,1920,1080
fish,1704,78,00110.jpg,1920,1080
fish,1763,91,00110.jpg,1920,1080
fish,1854,103,00110.jpg,1920,1080
fish,1645,251,00110.jpg,1920,1080
fish,1658,396,00110.jpg,1920,1080
fish,1762,450,00110.jpg,1920,1080
fish,1912,362,00110.jpg,1920,1080
fish,264,1051,00111.jpg,1920,1080
fish,77,1024,00111.jpg,1920,1080
fish,320,892,00111.jpg,1920,1080
fish,369,1071,00111.jpg,1920,1080
fish,248,712,00111.jpg,1920,1080
fish,85,124,00111.jpg,1920,1080
fish,392,70,00111.jpg,1920,1080
fish,493,86,00111.jpg,1920,1080
fish,373,290,00111.jpg,1920,1080
fish,538,434,00111.jpg,1920,1080
fish,607,385,00111.jpg,1920,1080
fish,638,246,00111.jpg,1920,1080
fish,602,103,00111.jpg,1920,1080
fish,748,64,00111.jpg,1920,1080
fish,794,326,00111.jpg,1920,1080
fish,867,385,00111.jpg,1920,1080
fish,819,497,00111.jpg,1920,1080
fish,816,575,00111.jpg,1920,1080
fish,1082,472,00111.jpg,1920,1080
fish,1373,715,00111.jpg,1920,1080
fish,1641,644,00111.jpg,1920,1080
fish,1871,737,00111.jpg,1920,1080
fish,1638,418,00111.jpg,1920,1080
fish,1708,312,00111.jpg,1920,1080
fish,1784,72,00111.jpg,1920,1080
fish,1892,31,00111.jpg,1920,1080
fish,1304,61,00111.jpg,1920,1080
fish,1100,164,00111.jpg,1920,1080
fish,982,25,00111.jpg,1920,1080
fish,1040,254,00111.jpg,1920,1080
fish,1277,266,00111.jpg,1920,1080
fish,1369,257,00111.jpg,1920,1080
fish,1365,14,00111.jpg,1920,1080
fish,1274,508,00111.jpg,1920,1080
fish,35,1040,00112.jpg,1920,1080
fish,267,702,00112.jpg,1920,1080
fish,257,1046,00112.jpg,1920,1080
fish,373,1068,00112.jpg,1920,1080
fish,817,662,00112.jpg,1920,1080
fish,485,505,00112.jpg,1920,1080
fish,463,420,00112.jpg,1920,1080
fish,445,287,00112.jpg,1920,1080
fish,322,269,00112.jpg,1920,1080
fish,502,221,00112.jpg,1920,1080
fish,486,139,00112.jpg,1920,1080
fish,49,25,00112.jpg,1920,1080
fish,696,304,00112.jpg,1920,1080
fish,612,384,00112.jpg,1920,1080
fish,700,433,00112.jpg,1920,1080
fish,824,291,00112.jpg,1920,1080
fish,982,133,00112.jpg,1920,1080
fish,863,238,00112.jpg,1920,1080
fish,805,440,00112.jpg,1920,1080
fish,888,395,00112.jpg,1920,1080
fish,976,385,00112.jpg,1920,1080
fish,1020,420,00112.jpg,1920,1080
fish,1096,428,00112.jpg,1920,1080
fish,1203,495,00112.jpg,1920,1080
fish,1082,295,00112.jpg,1920,1080
fish,1200,257,00112.jpg,1920,1080
fish,1267,171,00112.jpg,1920,1080
fish,1300,301,00112.jpg,1920,1080
fish,1388,324,00112.jpg,1920,1080
fish,1495,208,00112.jpg,1920,1080
fish,1553,163,00112.jpg,1920,1080
fish,1484,44,00112.jpg,1920,1080
fish,1672,105,00112.jpg,1920,1080
fish,1762,109,00112.jpg,1920,1080
fish,1805,50,00112.jpg,1920,1080
fish,1264,1035,00112.jpg,1920,1080
fish,77,556,00113.jpg,1920,1080
fish,107,1027,00113.jpg,1920,1080
fish,287,1049,00113.jpg,1920,1080
fish,378,1071,00113.jpg,1920,1080
fish,271,729,00113.jpg,1920,1080
fish,243,238,00113.jpg,1920,1080
fish,30,135,00113.jpg,1920,1080
fish,144,109,00113.jpg,1920,1080
fish,333,84,00113.jpg,1920,1080
fish,345,236,00113.jpg,1920,1080
fish,431,238,00113.jpg,1920,1080
fish,433,403,00113.jpg,1920,1080
fish,607,376,00113.jpg,1920,1080
fish,653,334,00113.jpg,1920,1080
fish,747,232,00113.jpg,1920,1080
fish,739,84,00113.jpg,1920,1080
fish,734,56,00113.jpg,1920,1080
fish,610,25,00113.jpg,1920,1080
fish,690,437,00113.jpg,1920,1080
fish,762,544,00113.jpg,1920,1080
fish,701,615,00113.jpg,1920,1080
fish,805,842,00113.jpg,1920,1080
fish,1271,735,00113.jpg,1920,1080
fish,871,378,00113.jpg,1920,1080
fish,957,327,00113.jpg,1920,1080
fish,947,282,00113.jpg,1920,1080
fish,894,271,00113.jpg,1920,1080
fish,943,116,00113.jpg,1920,1080
fish,969,417,00113.jpg,1920,1080
fish,1093,108,00113.jpg,1920,1080
fish,1206,103,00113.jpg,1920,1080
fish,1297,199,00113.jpg,1920,1080
fish,1189,296,00113.jpg,1920,1080
fish,1388,72,00113.jpg,1920,1080
fish,1371,25,00113.jpg,1920,1080
fish,1321,102,00113.jpg,1920,1080
fish,1564,185,00113.jpg,1920,1080
fish,1424,282,00113.jpg,1920,1080
fish,1498,362,00113.jpg,1920,1080
fish,1558,324,00113.jpg,1920,1080
fish,1694,200,00113.jpg,1920,1080
fish,1691,92,00113.jpg,1920,1080
fish,1765,78,00113.jpg,1920,1080
fish,1809,40,00113.jpg,1920,1080
fish,1736,25,00113.jpg,1920,1080
fish,1799,257,00113.jpg,1920,1080
fish,129,1000,00114.jpg,1920,1080
fish,342,1035,00114.jpg,1920,1080
fish,394,1065,00114.jpg,1920,1080
fish,293,737,00114.jpg,1920,1080
fish,333,583,00114.jpg,1920,1080
fish,218,321,00114.jpg,1920,1080
fish,293,298,00114.jpg,1920,1080
fish,259,233,00114.jpg,1920,1080
fish,251,194,00114.jpg,1920,1080
fish,320,171,00114.jpg,1920,1080
fish,138,251,00114.jpg,1920,1080
fish,105,171,00114.jpg,1920,1080
fish,107,125,00114.jpg,1920,1080
fish,485,119,00114.jpg,1920,1080
fish,557,367,00114.jpg,1920,1080
fish,604,360,00114.jpg,1920,1080
fish,813,371,00114.jpg,1920,1080
fish,947,440,00114.jpg,1920,1080
fish,1228,470,00114.jpg,1920,1080
fish,897,191,00114.jpg,1920,1080
fish,995,185,00114.jpg,1920,1080
fish,965,141,00114.jpg,1920,1080
fish,1048,149,00114.jpg,1920,1080
fish,1092,95,00114.jpg,1920,1080
fish,1192,92,00114.jpg,1920,1080
fish,1043,20,00114.jpg,1920,1080
fish,871,91,00114.jpg,1920,1080
fish,791,105,00114.jpg,1920,1080
fish,703,113,00114.jpg,1920,1080
fish,689,55,00114.jpg,1920,1080
fish,1318,186,00114.jpg,1920,1080
fish,1404,163,00114.jpg,1920,1080
fish,1622,171,00114.jpg,1920,1080
fish,1650,69,00114.jpg,1920,1080
fish,1608,255,00114.jpg,1920,1080
fish,1675,318,00114.jpg,1920,1080
fish,1688,695,00114.jpg,1920,1080
fish,1788,679,00114.jpg,1920,1080
fish,331,1033,00115.jpg,1920,1080
fish,408,1069,00115.jpg,1920,1080
fish,122,1002,00115.jpg,1920,1080
fish,355,685,00115.jpg,1920,1080
fish,554,834,00115.jpg,1920,1080
fish,624,905,00115.jpg,1920,1080
fish,1024,961,00115.jpg,1920,1080
fish,1155,930,00115.jpg,1920,1080
fish,27,282,00115.jpg,1920,1080
fish,44,119,00115.jpg,1920,1080
fish,210,67,00115.jpg,1920,1080
fish,201,97,00115.jpg,1920,1080
fish,185,155,00115.jpg,1920,1080
fish,356,92,00115.jpg,1920,1080
fish,397,166,00115.jpg,1920,1080
fish,467,128,00115.jpg,1920,1080
fish,504,100,00115.jpg,1920,1080
fish,510,252,00115.jpg,1920,1080
fish,386,426,00115.jpg,1920,1080
fish,689,321,00115.jpg,1920,1080
fish,750,246,00115.jpg,1920,1080
fish,717,169,00115.jpg,1920,1080
fish,714,81,00115.jpg,1920,1080
fish,791,113,00115.jpg,1920,1080
fish,885,40,00115.jpg,1920,1080
fish,905,100,00115.jpg,1920,1080
fish,802,348,00115.jpg,1920,1080
fish,893,475,00115.jpg,1920,1080
fish,1018,252,00115.jpg,1920,1080
fish,1133,241,00115.jpg,1920,1080
fish,1133,114,00115.jpg,1920,1080
fish,1191,67,00115.jpg,1920,1080
fish,1296,87,00115.jpg,1920,1080
fish,1256,207,00115.jpg,1920,1080
fish,1515,113,00115.jpg,1920,1080
fish,1442,119,00115.jpg,1920,1080
fish,1556,62,00115.jpg,1920,1080
fish,1710,42,00115.jpg,1920,1080
fish,1724,91,00115.jpg,1920,1080
fish,1656,135,00115.jpg,1920,1080
fish,1738,199,00115.jpg,1920,1080
fish,1857,138,00115.jpg,1920,1080
fish,1884,17,00115.jpg,1920,1080
fish,238,989,00116.jpg,1920,1080
fish,111,1030,00116.jpg,1920,1080
fish,75,986,00116.jpg,1920,1080
fish,676,916,00116.jpg,1920,1080
fish,344,707,00116.jpg,1920,1080
fish,215,342,00116.jpg,1920,1080
fish,116,335,00116.jpg,1920,1080
fish,30,224,00116.jpg,1920,1080
fish,30,131,00116.jpg,1920,1080
fish,188,171,00116.jpg,1920,1080
fish,320,53,00116.jpg,1920,1080
fish,376,37,00116.jpg,1920,1080
fish,513,69,00116.jpg,1920,1080
fish,381,158,00116.jpg,1920,1080
fish,389,260,00116.jpg,1920,1080
fish,389,296,00116.jpg,1920,1080
fish,590,295,00116.jpg,1920,1080
fish,664,301,00116.jpg,1920,1080
fish,773,205,00116.jpg,1920,1080
fish,755,125,00116.jpg,1920,1080
fish,733,33,00116.jpg,1920,1080
fish,864,94,00116.jpg,1920,1080
fish,932,113,00116.jpg,1920,1080
fish,947,216,00116.jpg,1920,1080
fish,791,315,00116.jpg,1920,1080
fish,924,312,00116.jpg,1920,1080
fish,1046,133,00116.jpg,1920,1080
fish,1085,51,00116.jpg,1920,1080
fish,1191,149,00116.jpg,1920,1080
fish,1164,191,00116.jpg,1920,1080
fish,1291,144,00116.jpg,1920,1080
fish,1249,120,00116.jpg,1920,1080
fish,1249,200,00116.jpg,1920,1080
fish,1412,128,00116.jpg,1920,1080
fish,1476,142,00116.jpg,1920,1080
fish,1534,42,00116.jpg,1920,1080
fish,1647,62,00116.jpg,1920,1080
fish,1769,51,00116.jpg,1920,1080
fish,1641,169,00116.jpg,1920,1080
fish,1438,268,00116.jpg,1920,1080
fish,1319,542,00116.jpg,1920,1080
fish,143,1011,00117.jpg,1920,1080
fish,110,969,00117.jpg,1920,1080
fish,287,731,00117.jpg,1920,1080
fish,339,679,00117.jpg,1920,1080
fish,554,687,00117.jpg,1920,1080
fish,883,624,00117.jpg,1920,1080
fish,878,1008,00117.jpg,1920,1080
fish,1147,889,00117.jpg,1920,1080
fish,789,528,00117.jpg,1920,1080
fish,673,503,00117.jpg,1920,1080
fish,569,431,00117.jpg,1920,1080
fish,328,337,00117.jpg,1920,1080
fish,508,389,00117.jpg,1920,1080
fish,33,218,00117.jpg,1920,1080
fish,235,241,00117.jpg,1920,1080
fish,267,102,00117.jpg,1920,1080
fish,364,125,00117.jpg,1920,1080
fish,445,230,00117.jpg,1920,1080
fish,540,171,00117.jpg,1920,1080
fish,569,64,00117.jpg,1920,1080
fish,610,31,00117.jpg,1920,1080
fish,707,133,00117.jpg,1920,1080
fish,744,100,00117.jpg,1920,1080
fish,841,61,00117.jpg,1920,1080
fish,900,22,00117.jpg,1920,1080
fish,908,136,00117.jpg,1920,1080
fish,966,136,00117.jpg,1920,1080
fish,1136,174,00117.jpg,1920,1080
fish,1048,235,00117.jpg,1920,1080
fish,1125,338,00117.jpg,1920,1080
fish,1169,232,00117.jpg,1920,1080
fish,1272,254,00117.jpg,1920,1080
fish,1340,149,00117.jpg,1920,1080
fish,1332,76,00117.jpg,1920,1080
fish,1409,160,00117.jpg,1920,1080
fish,1449,199,00117.jpg,1920,1080
fish,1565,11,00117.jpg,1920,1080
fish,1667,61,00117.jpg,1920,1080
fish,1730,20,00117.jpg,1920,1080
fish,1730,233,00117.jpg,1920,1080
fish,162,1030,00118.jpg,1920,1080
fish,97,967,00118.jpg,1920,1080
fish,334,643,00118.jpg,1920,1080
fish,303,313,00118.jpg,1920,1080
fish,209,210,00118.jpg,1920,1080
fish,140,153,00118.jpg,1920,1080
fish,174,117,00118.jpg,1920,1080
fish,31,103,00118.jpg,1920,1080
fish,323,31,00118.jpg,1920,1080
fish,529,83,00118.jpg,1920,1080
fish,541,47,00118.jpg,1920,1080
fish,703,73,00118.jpg,1920,1080
fish,591,269,00118.jpg,1920,1080
fish,725,324,00118.jpg,1920,1080
fish,816,136,00118.jpg,1920,1080
fish,952,124,00118.jpg,1920,1080
fish,991,167,00118.jpg,1920,1080
fish,932,197,00118.jpg,1920,1080
fish,1053,136,00118.jpg,1920,1080
fish,929,177,00118.jpg,1920,1080
fish,1158,113,00118.jpg,1920,1080
fish,1137,255,00118.jpg,1920,1080
fish,1076,332,00118.jpg,1920,1080
fish,1016,520,00118.jpg,1920,1080
fish,932,740,00118.jpg,1920,1080
fish,952,801,00118.jpg,1920,1080
fish,1020,1044,00118.jpg,1920,1080
fish,1454,629,00118.jpg,1920,1080
fish,1446,513,00118.jpg,1920,1080
fish,1627,611,00118.jpg,1920,1080
fish,1478,329,00118.jpg,1920,1080
fish,1485,202,00118.jpg,1920,1080
fish,1404,208,00118.jpg,1920,1080
fish,1278,161,00118.jpg,1920,1080
fish,1269,28,00118.jpg,1920,1080
fish,1222,17,00118.jpg,1920,1080
fish,1545,94,00118.jpg,1920,1080
fish,1647,155,00118.jpg,1920,1080
fish,1724,105,00118.jpg,1920,1080
fish,1773,153,00118.jpg,1920,1080
fish,1860,155,00118.jpg,1920,1080
fish,1787,343,00118.jpg,1920,1080
fish,259,779,00119.jpg,1920,1080
fish,102,989,00119.jpg,1920,1080
fish,147,1041,00119.jpg,1920,1080
fish,25,908,00119.jpg,1920,1080
fish,307,699,00119.jpg,1920,1080
fish,41,247,00119.jpg,1920,1080
fish,104,124,00119.jpg,1920,1080
fish,100,65,00119.jpg,1920,1080
fish,351,197,00119.jpg,1920,1080
fish,483,164,00119.jpg,1920,1080
fish,546,260,00119.jpg,1920,1080
fish,518,200,00119.jpg,1920,1080
fish,714,155,00119.jpg,1920,1080
fish,675,80,00119.jpg,1920,1080
fish,817,59,00119.jpg,1920,1080
fish,659,338,00119.jpg,1920,1080
fish,667,483,00119.jpg,1920,1080
fish,938,713,00119.jpg,1920,1080
fish,1034,553,00119.jpg,1920,1080
fish,830,503,00119.jpg,1920,1080
fish,827,407,00119.jpg,1920,1080
fish,798,343,00119.jpg,1920,1080
fish,911,329,00119.jpg,1920,1080
fish,974,131,00119.jpg,1920,1080
fish,1010,178,00119.jpg,1920,1080
fish,1010,345,00119.jpg,1920,1080
fish,1153,153,00119.jpg,1920,1080
fish,1324,196,00119.jpg,1920,1080
fish,1453,155,00119.jpg,1920,1080
fish,1556,117,00119.jpg,1920,1080
fish,1711,191,00119.jpg,1920,1080
fish,1751,84,00119.jpg,1920,1080
fish,1906,59,00119.jpg,1920,1080
fish,1685,309,00119.jpg,1920,1080
fish,1609,539,00119.jpg,1920,1080
fish,1351,738,00119.jpg,1920,1080
fish,1898,865,00119.jpg,1920,1080
fish,152,1010,00120.jpg,1920,1080
fish,337,669,00120.jpg,1920,1080
fish,307,494,00120.jpg,1920,1080
fish,428,305,00120.jpg,1920,1080
fish,312,80,00120.jpg,1920,1080
fish,240,142,00120.jpg,1920,1080
fish,411,215,00120.jpg,1920,1080
fish,552,160,00120.jpg,1920,1080
fish,729,210,00120.jpg,1920,1080
fish,646,373,00120.jpg,1920,1080
fish,915,251,00120.jpg,1920,1080
fish,878,232,00120.jpg,1920,1080
fish,974,271,00120.jpg,1920,1080
fish,1010,309,00120.jpg,1920,1080
fish,1103,236,00120.jpg,1920,1080
fish,1158,171,00120.jpg,1920,1080
fish,1206,108,00120.jpg,1920,1080
fish,1071,70,00120.jpg,1920,1080
fish,1297,23,00120.jpg,1920,1080
fish,1261,156,00120.jpg,1920,1080
fish,1492,158,00120.jpg,1920,1080
fish,1713,147,00120.jpg,1920,1080
fish,1827,109,00120.jpg,1920,1080
fish,1001,969,00120.jpg,1920,1080
fish,1310,1008,00120.jpg,1920,1080
fish,908,1062,00120.jpg,1920,1080
fish,813,1018,00121.jpg,1920,1080
fish,165,1005,00121.jpg,1920,1080
fish,325,687,00121.jpg,1920,1080
fish,362,513,00121.jpg,1920,1080
fish,158,481,00121.jpg,1920,1080
fish,38,59,00121.jpg,1920,1080
fish,27,321,00121.jpg,1920,1080
fish,202,86,00121.jpg,1920,1080
fish,199,150,00121.jpg,1920,1080
fish,224,244,00121.jpg,1920,1080
fish,384,164,00121.jpg,1920,1080
fish,529,225,00121.jpg,1920,1080
fish,515,288,00121.jpg,1920,1080
fish,535,36,00121.jpg,1920,1080
fish,715,67,00121.jpg,1920,1080
fish,849,167,00121.jpg,1920,1080
fish,778,277,00121.jpg,1920,1080
fish,717,411,00121.jpg,1920,1080
fish,954,188,00121.jpg,1920,1080
fish,973,312,00121.jpg,1920,1080
fish,1007,269,00121.jpg,1920,1080
fish,1131,219,00121.jpg,1920,1080
fish,1230,113,00121.jpg,1920,1080
fish,1159,351,00121.jpg,1920,1080
fish,1071,520,00121.jpg,1920,1080
fish,1087,627,00121.jpg,1920,1080
fish,985,807,00121.jpg,1920,1080
fish,1267,657,00121.jpg,1920,1080
fish,1434,150,00121.jpg,1920,1080
fish,1442,83,00121.jpg,1920,1080
fish,1628,26,00121.jpg,1920,1080
fish,1609,119,00121.jpg,1920,1080
fish,1506,218,00121.jpg,1920,1080
fish,1816,608,00121.jpg,1920,1080
fish,242,539,00122.jpg,1920,1080
fish,337,455,00122.jpg,1920,1080
fish,318,1021,00122.jpg,1920,1080
fish,127,321,00122.jpg,1920,1080
fish,149,258,00122.jpg,1920,1080
fish,33,199,00122.jpg,1920,1080
fish,125,136,00122.jpg,1920,1080
fish,351,152,00122.jpg,1920,1080
fish,475,113,00122.jpg,1920,1080
fish,445,196,00122.jpg,1920,1080
fish,405,247,00122.jpg,1920,1080
fish,530,193,00122.jpg,1920,1080
fish,547,254,00122.jpg,1920,1080
fish,642,125,00122.jpg,1920,1080
fish,772,296,00122.jpg,1920,1080
fish,747,390,00122.jpg,1920,1080
fish,685,436,00122.jpg,1920,1080
fish,681,552,00122.jpg,1920,1080
fish,918,180,00122.jpg,1920,1080
fish,1200,274,00122.jpg,1920,1080
fish,1098,687,00122.jpg,1920,1080
fish,1335,624,00122.jpg,1920,1080
fish,1533,945,00122.jpg,1920,1080
fish,1812,696,00122.jpg,1920,1080
fish,1898,735,00122.jpg,1920,1080
fish,1498,353,00122.jpg,1920,1080
fish,1440,114,00122.jpg,1920,1080
fish,1442,61,00122.jpg,1920,1080
fish,1638,44,00122.jpg,1920,1080
fish,1773,48,00122.jpg,1920,1080
fish,1727,139,00122.jpg,1920,1080
fish,1575,191,00122.jpg,1920,1080
fish,212,345,00123.jpg,1920,1080
fish,80,94,00123.jpg,1920,1080
fish,14,152,00123.jpg,1920,1080
fish,304,1032,00123.jpg,1920,1080
fish,369,216,00123.jpg,1920,1080
fish,260,80,00123.jpg,1920,1080
fish,292,53,00123.jpg,1920,1080
fish,496,125,00123.jpg,1920,1080
fish,488,216,00123.jpg,1920,1080
fish,444,238,00123.jpg,1920,1080
fish,397,316,00123.jpg,1920,1080
fish,508,401,00123.jpg,1920,1080
fish,712,312,00123.jpg,1920,1080
fish,780,364,00123.jpg,1920,1080
fish,860,484,00123.jpg,1920,1080
fish,671,108,00123.jpg,1920,1080
fish,733,58,00123.jpg,1920,1080
fish,1005,53,00123.jpg,1920,1080
fish,1093,59,00123.jpg,1920,1080
fish,1173,97,00123.jpg,1920,1080
fish,1371,135,00123.jpg,1920,1080
fish,1354,183,00123.jpg,1920,1080
fish,1302,480,00123.jpg,1920,1080
fish,1442,586,00123.jpg,1920,1080
fish,1873,798,00123.jpg,1920,1080
fish,1724,282,00123.jpg,1920,1080
fish,1547,131,00123.jpg,1920,1080
fish,1561,45,00123.jpg,1920,1080
fish,1619,73,00123.jpg,1920,1080
fish,1501,15,00123.jpg,1920,1080
fish,1865,31,00123.jpg,1920,1080
fish,1815,86,00123.jpg,1920,1080
fish,1837,138,00123.jpg,1920,1080
fish,268,1055,00124.jpg,1920,1080
fish,127,1035,00124.jpg,1920,1080
fish,71,964,00124.jpg,1920,1080
fish,952,1065,00124.jpg,1920,1080
fish,1473,734,00124.jpg,1920,1080
fish,1542,611,00124.jpg,1920,1080
fish,1864,851,00124.jpg,1920,1080
fish,301,555,00124.jpg,1920,1080
fish,384,503,00124.jpg,1920,1080
fish,384,469,00124.jpg,1920,1080
fish,157,476,00124.jpg,1920,1080
fish,38,299,00124.jpg,1920,1080
fish,89,197,00124.jpg,1920,1080
fish,17,75,00124.jpg,1920,1080
fish,193,69,00124.jpg,1920,1080
fish,276,196,00124.jpg,1920,1080
fish,361,87,00124.jpg,1920,1080
fish,521,130,00124.jpg,1920,1080
fish,464,185,00124.jpg,1920,1080
fish,671,180,00124.jpg,1920,1080
fish,717,158,00124.jpg,1920,1080
fish,734,92,00124.jpg,1920,1080
fish,817,108,00124.jpg,1920,1080
fish,872,17,00124.jpg,1920,1080
fish,833,59,00124.jpg,1920,1080
fish,648,338,00124.jpg,1920,1080
fish,649,440,00124.jpg,1920,1080
fish,544,379,00124.jpg,1920,1080
fish,781,370,00124.jpg,1920,1080
fish,1107,287,00124.jpg,1920,1080
fish,1145,222,00124.jpg,1920,1080
fish,1155,155,00124.jpg,1920,1080
fish,1071,72,00124.jpg,1920,1080
fish,1198,69,00124.jpg,1920,1080
fish,1242,114,00124.jpg,1920,1080
fish,1421,65,00124.jpg,1920,1080
fish,1344,95,00124.jpg,1920,1080
fish,1330,182,00124.jpg,1920,1080
fish,1269,478,00124.jpg,1920,1080
fish,1580,274,00124.jpg,1920,1080
fish,1562,156,00124.jpg,1920,1080
fish,1843,39,00124.jpg,1920,1080
fish,1697,252,00124.jpg,1920,1080
fish,1777,375,00124.jpg,1920,1080
fish,1813,288,00124.jpg,1920,1080
fish,77,985,00125.jpg,1920,1080
fish,439,760,00125.jpg,1920,1080
fish,725,1058,00125.jpg,1920,1080
fish,1005,933,00125.jpg,1920,1080
fish,1617,878,00125.jpg,1920,1080
fish,1887,826,00125.jpg,1920,1080
fish,1614,649,00125.jpg,1920,1080
fish,1426,677,00125.jpg,1920,1080
fish,1330,658,00125.jpg,1920,1080
fish,1675,455,00125.jpg,1920,1080
fish,1650,252,00125.jpg,1920,1080
fish,1773,100,00125.jpg,1920,1080
fish,1846,83,00125.jpg,1920,1080
fish,1914,354,00125.jpg,1920,1080
fish,1708,15,00125.jpg,1920,1080
fish,1573,26,00125.jpg,1920,1080
fish,1443,116,00125.jpg,1920,1080
fish,1456,186,00125.jpg,1920,1080
fish,1493,164,00125.jpg,1920,1080
fish,1373,98,00125.jpg,1920,1080
fish,1340,268,00125.jpg,1920,1080
fish,1115,290,00125.jpg,1920,1080
fish,1198,171,00125.jpg,1920,1080
fish,1024,389,00125.jpg,1920,1080
fish,1155,22,00125.jpg,1920,1080
fish,1065,45,00125.jpg,1920,1080
fish,1059,102,00125.jpg,1920,1080
fish,902,69,00125.jpg,1920,1080
fish,905,315,00125.jpg,1920,1080
fish,668,384,00125.jpg,1920,1080
fish,667,535,00125.jpg,1920,1080
fish,289,506,00125.jpg,1920,1080
fish,296,414,00125.jpg,1920,1080
fish,278,313,00125.jpg,1920,1080
fish,234,252,00125.jpg,1920,1080
fish,226,153,00125.jpg,1920,1080
fish,295,224,00125.jpg,1920,1080
fish,25,56,00125.jpg,1920,1080
fish,325,33,00125.jpg,1920,1080
fish,445,119,00125.jpg,1920,1080
fish,458,222,00125.jpg,1920,1080
fish,378,249,00125.jpg,1920,1080
fish,482,285,00125.jpg,1920,1080
fish,612,169,00125.jpg,1920,1080
fish,549,100,00125.jpg,1920,1080
fish,698,180,00125.jpg,1920,1080
fish,755,130,00125.jpg,1920,1080
fish,706,64,00125.jpg,1920,1080
fish,827,171,00125.jpg,1920,1080
fish,69,255,00126.jpg,1920,1080
fish,97,58,00126.jpg,1920,1080
fish,30,51,00126.jpg,1920,1080
fish,246,222,00126.jpg,1920,1080
fish,72,833,00126.jpg,1920,1080
fish,107,977,00126.jpg,1920,1080
fish,245,1040,00126.jpg,1920,1080
fish,455,759,00126.jpg,1920,1080
fish,558,625,00126.jpg,1920,1080
fish,671,619,00126.jpg,1920,1080
fish,690,390,00126.jpg,1920,1080
fish,508,295,00126.jpg,1920,1080
fish,536,224,00126.jpg,1920,1080
fish,620,211,00126.jpg,1920,1080
fish,676,144,00126.jpg,1920,1080
fish,698,58,00126.jpg,1920,1080
fish,722,180,00126.jpg,1920,1080
fish,853,252,00126.jpg,1920,1080
fish,795,318,00126.jpg,1920,1080
fish,1002,225,00126.jpg,1920,1080
fish,1027,182,00126.jpg,1920,1080
fish,1013,29,00126.jpg,1920,1080
fish,1134,125,00126.jpg,1920,1080
fish,1263,70,00126.jpg,1920,1080
fish,1299,113,00126.jpg,1920,1080
fish,1471,62,00126.jpg,1920,1080
fish,996,563,00126.jpg,1920,1080
fish,1018,625,00126.jpg,1920,1080
fish,1542,349,00126.jpg,1920,1080
fish,1787,285,00126.jpg,1920,1080
fish,1661,177,00126.jpg,1920,1080
fish,1600,615,00126.jpg,1920,1080
fish,1898,484,00126.jpg,1920,1080
fish,1904,809,00126.jpg,1920,1080
fish,1864,867,00126.jpg,1920,1080
fish,44,809,00127.jpg,1920,1080
fish,151,971,00127.jpg,1920,1080
fish,226,1047,00127.jpg,1920,1080
fish,295,823,00127.jpg,1920,1080
fish,251,712,00127.jpg,1920,1080
fish,99,392,00127.jpg,1920,1080
fish,227,396,00127.jpg,1920,1080
fish,298,249,00127.jpg,1920,1080
fish,333,172,00127.jpg,1920,1080
fish,218,89,00127.jpg,1920,1080
fish,378,48,00127.jpg,1920,1080
fish,482,87,00127.jpg,1920,1080
fish,605,29,00127.jpg,1920,1080
fish,706,219,00127.jpg,1920,1080
fish,607,371,00127.jpg,1920,1080
fish,460,348,00127.jpg,1920,1080
fish,654,429,00127.jpg,1920,1080
fish,725,448,00127.jpg,1920,1080
fish,811,360,00127.jpg,1920,1080
fish,852,442,00127.jpg,1920,1080
fish,819,550,00127.jpg,1920,1080
fish,878,699,00127.jpg,1920,1080
fish,1206,519,00127.jpg,1920,1080
fish,1195,277,00127.jpg,1920,1080
fish,1206,240,00127.jpg,1920,1080
fish,1087,252,00127.jpg,1920,1080
fish,1037,33,00127.jpg,1920,1080
fish,921,45,00127.jpg,1920,1080
fish,1327,55,00127.jpg,1920,1080
fish,1443,125,00127.jpg,1920,1080
fish,1555,40,00127.jpg,1920,1080
fish,1540,246,00127.jpg,1920,1080
fish,1744,155,00127.jpg,1920,1080
fish,1426,522,00127.jpg,1920,1080
fish,1653,886,00127.jpg,1920,1080
fish,951,1073,00127.jpg,1920,1080
fish,216,1018,00128.jpg,1920,1080
fish,439,1074,00128.jpg,1920,1080
fish,787,930,00128.jpg,1920,1080
fish,315,690,00128.jpg,1920,1080
fish,195,334,00128.jpg,1920,1080
fish,36,362,00128.jpg,1920,1080
fish,344,276,00128.jpg,1920,1080
fish,389,215,00128.jpg,1920,1080
fish,246,65,00128.jpg,1920,1080
fish,521,15,00128.jpg,1920,1080
fish,569,111,00128.jpg,1920,1080
fish,623,304,00128.jpg,1920,1080
fish,591,418,00128.jpg,1920,1080
fish,693,244,00128.jpg,1920,1080
fish,839,114,00128.jpg,1920,1080
fish,877,36,00128.jpg,1920,1080
fish,827,373,00128.jpg,1920,1080
fish,800,448,00128.jpg,1920,1080
fish,1109,1065,00128.jpg,1920,1080
fish,1034,310,00128.jpg,1920,1080
fish,1056,240,00128.jpg,1920,1080
fish,1134,167,00128.jpg,1920,1080
fish,1173,247,00128.jpg,1920,1080
fish,1263,299,00128.jpg,1920,1080
fish,1327,37,00128.jpg,1920,1080
fish,1435,160,00128.jpg,1920,1080
fish,1550,131,00128.jpg,1920,1080
fish,1531,76,00128.jpg,1920,1080
fish,1573,301,00128.jpg,1920,1080
fish,1584,204,00128.jpg,1920,1080
fish,1652,167,00128.jpg,1920,1080
fish,1733,76,00128.jpg,1920,1080
fish,1821,153,00128.jpg,1920,1080
fish,1900,120,00128.jpg,1920,1080
fish,1900,156,00128.jpg,1920,1080
fish,1901,288,00128.jpg,1920,1080
fish,1691,340,00128.jpg,1920,1080
fish,1569,495,00128.jpg,1920,1080
fish,1437,520,00128.jpg,1920,1080
fish,1377,453,00128.jpg,1920,1080
fish,193,996,00129.jpg,1920,1080
fish,293,1044,00129.jpg,1920,1080
fish,36,982,00129.jpg,1920,1080
fish,381,729,00129.jpg,1920,1080
fish,155,290,00129.jpg,1920,1080
fish,232,180,00129.jpg,1920,1080
fish,205,50,00129.jpg,1920,1080
fish,27,78,00129.jpg,1920,1080
fish,416,23,00129.jpg,1920,1080
fish,596,86,00129.jpg,1920,1080
fish,422,310,00129.jpg,1920,1080
fish,521,293,00129.jpg,1920,1080
fish,637,549,00129.jpg,1920,1080
fish,507,356,00129.jpg,1920,1080
fish,541,230,00129.jpg,1920,1080
fish,676,244,00129.jpg,1920,1080
fish,642,331,00129.jpg,1920,1080
fish,764,224,00129.jpg,1920,1080
fish,789,185,00129.jpg,1920,1080
fish,722,378,00129.jpg,1920,1080
fish,803,263,00129.jpg,1920,1080
fish,825,351,00129.jpg,1920,1080
fish,864,545,00129.jpg,1920,1080
fish,860,503,00129.jpg,1920,1080
fish,921,467,00129.jpg,1920,1080
fish,963,516,00129.jpg,1920,1080
fish,1085,357,00129.jpg,1920,1080
fish,984,205,00129.jpg,1920,1080
fish,1073,161,00129.jpg,1920,1080
fish,1140,379,00129.jpg,1920,1080
fish,1107,442,00129.jpg,1920,1080
fish,1319,75,00129.jpg,1920,1080
fish,1440,86,00129.jpg,1920,1080
fish,1705,116,00129.jpg,1920,1080
fish,1780,89,00129.jpg,1920,1080
fish,1868,25,00129.jpg,1920,1080
fish,1805,153,00129.jpg,1920,1080
fish,1627,269,00129.jpg,1920,1080
fish,1699,591,00129.jpg,1920,1080
fish,477,966,00130.jpg,1920,1080
fish,464,850,00130.jpg,1920,1080
fish,384,746,00130.jpg,1920,1080
fish,184,994,00130.jpg,1920,1080
fish,275,1060,00130.jpg,1920,1080
fish,35,916,00130.jpg,1920,1080
fish,1090,1071,00130.jpg,1920,1080
fish,1195,680,00130.jpg,1920,1080
fish,579,547,00130.jpg,1920,1080
fish,282,428,00130.jpg,1920,1080
fish,5,544,00130.jpg,1920,1080
fish,276,236,00130.jpg,1920,1080
fish,173,249,00130.jpg,1920,1080
fish,380,186,00130.jpg,1920,1080
fish,317,147,00130.jpg,1920,1080
fish,373,117,00130.jpg,1920,1080
fish,522,33,00130.jpg,1920,1080
fish,568,186,00130.jpg,1920,1080
fish,535,251,00130.jpg,1920,1080
fish,489,276,00130.jpg,1920,1080
fish,464,310,00130.jpg,1920,1080
fish,529,351,00130.jpg,1920,1080
fish,668,295,00130.jpg,1920,1080
fish,889,69,00130.jpg,1920,1080
fish,830,22,00130.jpg,1920,1080
fish,1090,20,00130.jpg,1920,1080
fish,784,323,00130.jpg,1920,1080
fish,889,332,00130.jpg,1920,1080
fish,849,506,00130.jpg,1920,1080
fish,1082,353,00130.jpg,1920,1080
fish,1136,194,00130.jpg,1920,1080
fish,1183,156,00130.jpg,1920,1080
fish,1235,213,00130.jpg,1920,1080
fish,1291,155,00130.jpg,1920,1080
fish,1424,169,00130.jpg,1920,1080
fish,1465,224,00130.jpg,1920,1080
fish,1500,153,00130.jpg,1920,1080
fish,1362,324,00130.jpg,1920,1080
fish,1586,233,00130.jpg,1920,1080
fish,1636,152,00130.jpg,1920,1080
fish,1666,14,00130.jpg,1920,1080
fish,1885,47,00130.jpg,1920,1080
fish,245,1055,00131.jpg,1920,1080
fish,365,1066,00131.jpg,1920,1080
fish,27,988,00131.jpg,1920,1080
fish,406,709,00131.jpg,1920,1080
fish,670,938,00131.jpg,1920,1080
fish,1107,947,00131.jpg,1920,1080
fish,173,233,00131.jpg,1920,1080
fish,19,62,00131.jpg,1920,1080
fish,389,122,00131.jpg,1920,1080
fish,461,218,00131.jpg,1920,1080
fish,380,464,00131.jpg,1920,1080
fish,521,385,00131.jpg,1920,1080
fish,463,580,00131.jpg,1920,1080
fish,642,550,00131.jpg,1920,1080
fish,715,310,00131.jpg,1920,1080
fish,571,409,00131.jpg,1920,1080
fish,640,55,00131.jpg,1920,1080
fish,783,125,00131.jpg,1920,1080
fish,739,230,00131.jpg,1920,1080
fish,1090,156,00131.jpg,1920,1080
fish,1095,44,00131.jpg,1920,1080
fish,1038,61,00131.jpg,1920,1080
fish,1004,285,00131.jpg,1920,1080
fish,946,257,00131.jpg,1920,1080
fish,825,505,00131.jpg,1920,1080
fish,1266,385,00131.jpg,1920,1080
fish,1373,487,00131.jpg,1920,1080
fish,1512,353,00131.jpg,1920,1080
fish,1311,202,00131.jpg,1920,1080
fish,1545,221,00131.jpg,1920,1080
fish,1724,124,00131.jpg,1920,1080
fish,1751,37,00131.jpg,1920,1080
fish,1898,31,00131.jpg,1920,1080
fish,1907,130,00131.jpg,1920,1080
fish,1782,169,00131.jpg,1920,1080
fish,1663,547,00131.jpg,1920,1080
fish,1906,671,00131.jpg,1920,1080
fish,1849,1047,00131.jpg,1920,1080
fish,921,643,00132.jpg,1920,1080
fish,1101,997,00132.jpg,1920,1080
fish,491,685,00132.jpg,1920,1080
fish,231,1041,00132.jpg,1920,1080
fish,24,974,00132.jpg,1920,1080
fish,204,630,00132.jpg,1920,1080
fish,442,404,00132.jpg,1920,1080
fish,587,346,00132.jpg,1920,1080
fish,325,313,00132.jpg,1920,1080
fish,403,280,00132.jpg,1920,1080
fish,140,213,00132.jpg,1920,1080
fish,149,144,00132.jpg,1920,1080
fish,311,75,00132.jpg,1920,1080
fish,231,113,00132.jpg,1920,1080
fish,456,58,00132.jpg,1920,1080
fish,536,80,00132.jpg,1920,1080
fish,403,138,00132.jpg,1920,1080
fish,359,185,00132.jpg,1920,1080
fish,389,221,00132.jpg,1920,1080
fish,524,147,00132.jpg,1920,1080
fish,621,125,00132.jpg,1920,1080
fish,717,163,00132.jpg,1920,1080
fish,835,150,00132.jpg,1920,1080
fish,969,124,00132.jpg,1920,1080
fish,894,229,00132.jpg,1920,1080
fish,1002,178,00132.jpg,1920,1080
fish,955,367,00132.jpg,1920,1080
fish,1123,183,00132.jpg,1920,1080
fish,1120,329,00132.jpg,1920,1080
fish,1358,64,00132.jpg,1920,1080
fish,1729,14,00132.jpg,1920,1080
fish,1793,274,00132.jpg,1920,1080
fish,270,1033,00133.jpg,1920,1080
fish,27,600,00133.jpg,1920,1080
fish,221,509,00133.jpg,1920,1080
fish,296,295,00133.jpg,1920,1080
fish,392,268,00133.jpg,1920,1080
fish,278,113,00133.jpg,1920,1080
fish,118,92,00133.jpg,1920,1080
fish,56,199,00133.jpg,1920,1080
fish,28,155,00133.jpg,1920,1080
fish,450,61,00133.jpg,1920,1080
fish,532,23,00133.jpg,1920,1080
fish,795,55,00133.jpg,1920,1080
fish,875,87,00133.jpg,1920,1080
fish,878,150,00133.jpg,1920,1080
fish,685,277,00133.jpg,1920,1080
fish,488,525,00133.jpg,1920,1080
fish,431,872,00133.jpg,1920,1080
fish,355,1065,00133.jpg,1920,1080
fish,905,1030,00133.jpg,1920,1080
fish,794,748,00133.jpg,1920,1080
fish,767,589,00133.jpg,1920,1080
fish,1249,395,00133.jpg,1920,1080
fish,1009,180,00133.jpg,1920,1080
fish,933,238,00133.jpg,1920,1080
fish,1244,172,00133.jpg,1920,1080
fish,1335,48,00133.jpg,1920,1080
fish,1385,48,00133.jpg,1920,1080
fish,1523,109,00133.jpg,1920,1080
fish,1475,244,00133.jpg,1920,1080
fish,1544,12,00133.jpg,1920,1080
fish,1639,44,00133.jpg,1920,1080
fish,1680,182,00133.jpg,1920,1080
fish,1751,287,00133.jpg,1920,1080
fish,1903,114,00133.jpg,1920,1080
fish,1147,547,00133.jpg,1920,1080
fish,254,1033,00134.jpg,1920,1080
fish,365,913,00134.jpg,1920,1080
fish,359,1060,00134.jpg,1920,1080
fish,519,967,00134.jpg,1920,1080
fish,709,1062,00134.jpg,1920,1080
fish,124,403,00134.jpg,1920,1080
fish,25,131,00134.jpg,1920,1080
fish,249,31,00134.jpg,1920,1080
fish,298,210,00134.jpg,1920,1080
fish,215,227,00134.jpg,1920,1080
fish,251,287,00134.jpg,1920,1080
fish,438,241,00134.jpg,1920,1080
fish,456,326,00134.jpg,1920,1080
fish,566,271,00134.jpg,1920,1080
fish,659,158,00134.jpg,1920,1080
fish,632,72,00134.jpg,1920,1080
fish,452,53,00134.jpg,1920,1080
fish,919,23,00134.jpg,1920,1080
fish,836,56,00134.jpg,1920,1080
fish,1020,25,00134.jpg,1920,1080
fish,899,124,00134.jpg,1920,1080
fish,849,254,00134.jpg,1920,1080
fish,1184,359,00134.jpg,1920,1080
fish,1255,188,00134.jpg,1920,1080
fish,1253,48,00134.jpg,1920,1080
fish,1362,131,00134.jpg,1920,1080
fish,1460,113,00134.jpg,1920,1080
fish,1517,75,00134.jpg,1920,1080
fish,1606,33,00134.jpg,1920,1080
fish,1671,72,00134.jpg,1920,1080
fish,1760,75,00134.jpg,1920,1080
fish,1868,97,00134.jpg,1920,1080
fish,1813,189,00134.jpg,1920,1080
fish,1757,189,00134.jpg,1920,1080
fish,1773,282,00134.jpg,1920,1080
fish,1445,353,00134.jpg,1920,1080
fish,1603,401,00134.jpg,1920,1080
fish,1482,607,00134.jpg,1920,1080
fish,127,1015,00135.jpg,1920,1080
fish,293,796,00135.jpg,1920,1080
fish,428,1068,00135.jpg,1920,1080
fish,761,1051,00135.jpg,1920,1080
fish,1107,1036,00135.jpg,1920,1080
fish,1175,727,00135.jpg,1920,1080
fish,49,211,00135.jpg,1920,1080
fish,8,375,00135.jpg,1920,1080
fish,242,127,00135.jpg,1920,1080
fish,279,86,00135.jpg,1920,1080
fish,188,502,00135.jpg,1920,1080
fish,389,426,00135.jpg,1920,1080
fish,538,644,00135.jpg,1920,1080
fish,576,331,00135.jpg,1920,1080
fish,530,136,00135.jpg,1920,1080
fish,615,120,00135.jpg,1920,1080
fish,778,89,00135.jpg,1920,1080
fish,828,131,00135.jpg,1920,1080
fish,794,279,00135.jpg,1920,1080
fish,960,205,00135.jpg,1920,1080
fish,1142,349,00135.jpg,1920,1080
fish,1118,229,00135.jpg,1920,1080
fish,1198,180,00135.jpg,1920,1080
fish,1255,149,00135.jpg,1920,1080
fish,1126,128,00135.jpg,1920,1080
fish,1308,167,00135.jpg,1920,1080
fish,1398,87,00135.jpg,1920,1080
fish,1493,56,00135.jpg,1920,1080
fish,1583,51,00135.jpg,1920,1080
fish,1660,67,00135.jpg,1920,1080
fish,1801,26,00135.jpg,1920,1080
fish,1696,178,00135.jpg,1920,1080
fish,1799,284,00135.jpg,1920,1080
fish,1762,337,00135.jpg,1920,1080
fish,1724,298,00135.jpg,1920,1080
fish,1776,255,00135.jpg,1920,1080
fish,1606,456,00135.jpg,1920,1080
fish,1125,622,00135.jpg,1920,1080
fish,104,1025,00136.jpg,1920,1080
fish,764,1046,00136.jpg,1920,1080
fish,751,963,00136.jpg,1920,1080
fish,808,781,00136.jpg,1920,1080
fish,478,610,00136.jpg,1920,1080
fish,460,481,00136.jpg,1920,1080
fish,588,362,00136.jpg,1920,1080
fish,657,335,00136.jpg,1920,1080
fish,590,313,00136.jpg,1920,1080
fish,513,247,00136.jpg,1920,1080
fish,405,312,00136.jpg,1920,1080
fish,344,255,00136.jpg,1920,1080
fish,157,177,00136.jpg,1920,1080
fish,210,116,00136.jpg,1920,1080
fish,99,91,00136.jpg,1920,1080
fish,17,304,00136.jpg,1920,1080
fish,340,73,00136.jpg,1920,1080
fish,642,105,00136.jpg,1920,1080
fish,643,178,00136.jpg,1920,1080
fish,706,145,00136.jpg,1920,1080
fish,866,252,00136.jpg,1920,1080
fish,907,178,00136.jpg,1920,1080
fish,932,42,00136.jpg,1920,1080
fish,1060,111,00136.jpg,1920,1080
fish,1181,102,00136.jpg,1920,1080
fish,1139,359,00136.jpg,1920,1080
fish,1012,589,00136.jpg,1920,1080
fish,1255,660,00136.jpg,1920,1080
fish,1496,787,00136.jpg,1920,1080
fish,1603,619,00136.jpg,1920,1080
fish,1635,536,00136.jpg,1920,1080
fish,1784,829,00136.jpg,1920,1080
fish,1680,334,00136.jpg,1920,1080
fish,1837,199,00136.jpg,1920,1080
fish,1816,304,00136.jpg,1920,1080
fish,1884,89,00136.jpg,1920,1080
fish,1815,11,00136.jpg,1920,1080
fish,1645,188,00136.jpg,1920,1080
fish,1511,196,00136.jpg,1920,1080
fish,1385,22,00136.jpg,1920,1080
fish,1355,72,00136.jpg,1920,1080
fish,166,764,00137.jpg,1920,1080
fish,317,498,00137.jpg,1920,1080
fish,260,318,00137.jpg,1920,1080
fish,86,180,00137.jpg,1920,1080
fish,515,51,00137.jpg,1920,1080
fish,565,117,00137.jpg,1920,1080
fish,573,274,00137.jpg,1920,1080
fish,574,360,00137.jpg,1920,1080
fish,665,498,00137.jpg,1920,1080
fish,384,1063,00137.jpg,1920,1080
fish,897,812,00137.jpg,1920,1080
fish,947,497,00137.jpg,1920,1080
fish,951,370,00137.jpg,1920,1080
fish,867,334,00137.jpg,1920,1080
fish,944,260,00137.jpg,1920,1080
fish,1021,218,00137.jpg,1920,1080
fish,1042,119,00137.jpg,1920,1080
fish,831,160,00137.jpg,1920,1080
fish,875,91,00137.jpg,1920,1080
fish,1095,108,00137.jpg,1920,1080
fish,1274,172,00137.jpg,1920,1080
fish,1366,25,00137.jpg,1920,1080
fish,1507,40,00137.jpg,1920,1080
fish,1751,51,00137.jpg,1920,1080
fish,1719,215,00137.jpg,1920,1080
fish,1760,298,00137.jpg,1920,1080
fish,1889,630,00137.jpg,1920,1080
fish,1747,961,00137.jpg,1920,1080
fish,1310,803,00137.jpg,1920,1080
fish,1256,641,00137.jpg,1920,1080
fish,281,106,00138.jpg,1920,1080
fish,58,29,00138.jpg,1920,1080
fish,39,298,00138.jpg,1920,1080
fish,91,240,00138.jpg,1920,1080
fish,58,663,00138.jpg,1920,1080
fish,53,1000,00138.jpg,1920,1080
fish,141,1032,00138.jpg,1920,1080
fish,306,894,00138.jpg,1920,1080
fish,711,861,00138.jpg,1920,1080
fish,888,796,00138.jpg,1920,1080
fish,425,282,00138.jpg,1920,1080
fish,510,243,00138.jpg,1920,1080
fish,535,67,00138.jpg,1920,1080
fish,772,72,00138.jpg,1920,1080
fish,734,227,00138.jpg,1920,1080
fish,759,305,00138.jpg,1920,1080
fish,623,351,00138.jpg,1920,1080
fish,700,428,00138.jpg,1920,1080
fish,833,392,00138.jpg,1920,1080
fish,999,649,00138.jpg,1920,1080
fish,1184,1058,00138.jpg,1920,1080
fish,1429,865,00138.jpg,1920,1080
fish,1509,611,00138.jpg,1920,1080
fish,1763,632,00138.jpg,1920,1080
fish,1465,249,00138.jpg,1920,1080
fish,1506,138,00138.jpg,1920,1080
fish,1412,158,00138.jpg,1920,1080
fish,1377,62,00138.jpg,1920,1080
fish,1282,14,00138.jpg,1920,1080
fish,1013,17,00138.jpg,1920,1080
fish,1115,183,00138.jpg,1920,1080
fish,1636,147,00138.jpg,1920,1080
fish,1715,150,00138.jpg,1920,1080
fish,1760,89,00138.jpg,1920,1080
fish,1826,29,00138.jpg,1920,1080
fish,1871,106,00138.jpg,1920,1080
fish,1889,185,00138.jpg,1920,1080
fish,1705,318,00138.jpg,1920,1080
fish,1780,293,00138.jpg,1920,1080
fish,1842,284,00138.jpg,1920,1080
fish,187,1010,00139.jpg,1920,1080
fish,587,903,00139.jpg,1920,1080
fish,544,1015,00139.jpg,1920,1080
fish,725,1038,00139.jpg,1920,1080
fish,1388,902,00139.jpg,1920,1080
fish,1575,800,00139.jpg,1920,1080
fish,1678,535,00139.jpg,1920,1080
fish,196,503,00139.jpg,1920,1080
fish,38,423,00139.jpg,1920,1080
fish,100,78,00139.jpg,1920,1080
fish,270,194,00139.jpg,1920,1080
fish,317,202,00139.jpg,1920,1080
fish,427,382,00139.jpg,1920,1080
fish,475,467,00139.jpg,1920,1080
fish,521,340,00139.jpg,1920,1080
fish,573,362,00139.jpg,1920,1080
fish,684,302,00139.jpg,1920,1080
fish,580,199,00139.jpg,1920,1080
fish,478,180,00139.jpg,1920,1080
fish,513,117,00139.jpg,1920,1080
fish,615,42,00139.jpg,1920,1080
fish,646,461,00139.jpg,1920,1080
fish,770,246,00139.jpg,1920,1080
fish,726,197,00139.jpg,1920,1080
fish,830,161,00139.jpg,1920,1080
fish,963,131,00139.jpg,1920,1080
fish,916,285,00139.jpg,1920,1080
fish,839,340,00139.jpg,1920,1080
fish,1031,175,00139.jpg,1920,1080
fish,1067,293,00139.jpg,1920,1080
fish,1162,376,00139.jpg,1920,1080
fish,1167,235,00139.jpg,1920,1080
fish,1322,172,00139.jpg,1920,1080
fish,1332,109,00139.jpg,1920,1080
fish,1280,17,00139.jpg,1920,1080
fish,1482,116,00139.jpg,1920,1080
fish,1738,171,00139.jpg,1920,1080
fish,1547,215,00139.jpg,1920,1080
fish,1780,11,00139.jpg,1920,1080
fish,1751,61,00139.jpg,1920,1080
fish,1909,47,00139.jpg,1920,1080
fish,1804,194,00139.jpg,1920,1080
fish,1881,280,00139.jpg,1920,1080
fish,105,304,00140.jpg,1920,1080
fish,39,174,00140.jpg,1920,1080
fish,25,94,00140.jpg,1920,1080
fish,174,64,00140.jpg,1920,1080
fish,333,117,00140.jpg,1920,1080
fish,289,365,00140.jpg,1920,1080
fish,162,1036,00140.jpg,1920,1080
fish,452,332,00140.jpg,1920,1080
fish,579,235,00140.jpg,1920,1080
fish,593,188,00140.jpg,1920,1080
fish,518,70,00140.jpg,1920,1080
fish,726,207,00140.jpg,1920,1080
fish,675,362,00140.jpg,1920,1080
fish,751,472,00140.jpg,1920,1080
fish,797,727,00140.jpg,1920,1080
fish,1435,872,00140.jpg,1920,1080
fish,740,282,00140.jpg,1920,1080
fish,828,246,00140.jpg,1920,1080
fish,882,269,00140.jpg,1920,1080
fish,984,139,00140.jpg,1920,1080
fish,900,33,00140.jpg,1920,1080
fish,1100,17,00140.jpg,1920,1080
fish,1238,73,00140.jpg,1920,1080
fish,1300,117,00140.jpg,1920,1080
fish,1235,138,00140.jpg,1920,1080
fish,1214,193,00140.jpg,1920,1080
fish,1186,254,00140.jpg,1920,1080
fish,1250,298,00140.jpg,1920,1080
fish,1362,296,00140.jpg,1920,1080
fish,1351,395,00140.jpg,1920,1080
fish,1366,447,00140.jpg,1920,1080
fish,1451,135,00140.jpg,1920,1080
fish,1462,61,00140.jpg,1920,1080
fish,1470,145,00140.jpg,1920,1080
fish,1594,180,00140.jpg,1920,1080
fish,1658,144,00140.jpg,1920,1080
fish,1522,266,00140.jpg,1920,1080
fish,1667,285,00140.jpg,1920,1080
fish,1774,313,00140.jpg,1920,1080
fish,1875,320,00140.jpg,1920,1080
fish,1904,161,00140.jpg,1920,1080
fish,1784,114,00140.jpg,1920,1080
fish,1831,42,00140.jpg,1920,1080
fish,1678,55,00140.jpg,1920,1080
fish,262,1046,00141.jpg,1920,1080
fish,398,1069,00141.jpg,1920,1080
fish,681,1000,00141.jpg,1920,1080
fish,1115,822,00141.jpg,1920,1080
fish,1194,895,00141.jpg,1920,1080
fish,384,476,00141.jpg,1920,1080
fish,22,362,00141.jpg,1920,1080
fish,24,262,00141.jpg,1920,1080
fish,201,224,00141.jpg,1920,1080
fish,199,145,00141.jpg,1920,1080
fish,298,139,00141.jpg,1920,1080
fish,334,26,00141.jpg,1920,1080
fish,406,183,00141.jpg,1920,1080
fish,311,197,00141.jpg,1920,1080
fish,475,116,00141.jpg,1920,1080
fish,521,128,00141.jpg,1920,1080
fish,378,349,00141.jpg,1920,1080
fish,533,365,00141.jpg,1920,1080
fish,602,309,00141.jpg,1920,1080
fish,502,455,00141.jpg,1920,1080
fish,551,445,00141.jpg,1920,1080
fish,698,390,00141.jpg,1920,1080
fish,954,481,00141.jpg,1920,1080
fish,1305,553,00141.jpg,1920,1080
fish,878,124,00141.jpg,1920,1080
fish,762,98,00141.jpg,1920,1080
fish,731,58,00141.jpg,1920,1080
fish,935,47,00141.jpg,1920,1080
fish,1054,119,00141.jpg,1920,1080
fish,1183,147,00141.jpg,1920,1080
fish,1136,23,00141.jpg,1920,1080
fish,1098,61,00141.jpg,1920,1080
fish,1280,17,00141.jpg,1920,1080
fish,1120,293,00141.jpg,1920,1080
fish,1421,274,00141.jpg,1920,1080
fish,1365,91,00141.jpg,1920,1080
fish,1426,36,00141.jpg,1920,1080
fish,1465,113,00141.jpg,1920,1080
fish,1551,147,00141.jpg,1920,1080
fish,1645,83,00141.jpg,1920,1080
fish,1700,61,00141.jpg,1920,1080
fish,1889,120,00141.jpg,1920,1080
fish,282,1054,00142.jpg,1920,1080
fish,439,905,00142.jpg,1920,1080
fish,391,1066,00142.jpg,1920,1080
fish,875,894,00142.jpg,1920,1080
fish,1371,829,00142.jpg,1920,1080
fish,1336,963,00142.jpg,1920,1080
fish,1453,967,00142.jpg,1920,1080
fish,1619,826,00142.jpg,1920,1080
fish,1827,368,00142.jpg,1920,1080
fish,1834,102,00142.jpg,1920,1080
fish,1722,117,00142.jpg,1920,1080
fish,1896,144,00142.jpg,1920,1080
fish,1536,175,00142.jpg,1920,1080
fish,1529,67,00142.jpg,1920,1080
fish,1540,37,00142.jpg,1920,1080
fish,1343,103,00142.jpg,1920,1080
fish,1413,210,00142.jpg,1920,1080
fish,1294,232,00142.jpg,1920,1080
fish,1264,191,00142.jpg,1920,1080
fish,1026,255,00142.jpg,1920,1080
fish,993,167,00142.jpg,1920,1080
fish,927,175,00142.jpg,1920,1080
fish,1004,72,00142.jpg,1920,1080
fish,860,119,00142.jpg,1920,1080
fish,814,86,00142.jpg,1920,1080
fish,767,113,00142.jpg,1920,1080
fish,726,156,00142.jpg,1920,1080
fish,673,145,00142.jpg,1920,1080
fish,595,152,00142.jpg,1920,1080
fish,662,205,00142.jpg,1920,1080
fish,488,122,00142.jpg,1920,1080
fish,511,61,00142.jpg,1920,1080
fish,400,69,00142.jpg,1920,1080
fish,326,40,00142.jpg,1920,1080
fish,44,34,00142.jpg,1920,1080
fish,49,249,00142.jpg,1920,1080
fish,22,360,00142.jpg,1920,1080
fish,193,211,00142.jpg,1920,1080
fish,339,301,00142.jpg,1920,1080
fish,367,167,00142.jpg,1920,1080
fish,428,285,00142.jpg,1920,1080
fish,504,284,00142.jpg,1920,1080
fish,525,244,00142.jpg,1920,1080
fish,301,1052,00143.jpg,1920,1080
fish,345,977,00143.jpg,1920,1080
fish,714,840,00143.jpg,1920,1080
fish,982,1057,00143.jpg,1920,1080
fish,245,621,00143.jpg,1920,1080
fish,67,194,00143.jpg,1920,1080
fish,151,218,00143.jpg,1920,1080
fish,94,55,00143.jpg,1920,1080
fish,480,76,00143.jpg,1920,1080
fish,367,218,00143.jpg,1920,1080
fish,364,345,00143.jpg,1920,1080
fish,375,384,00143.jpg,1920,1080
fish,293,387,00143.jpg,1920,1080
fish,574,346,00143.jpg,1920,1080
fish,616,312,00143.jpg,1920,1080
fish,609,469,00143.jpg,1920,1080
fish,701,480,00143.jpg,1920,1080
fish,645,535,00143.jpg,1920,1080
fish,740,222,00143.jpg,1920,1080
fish,610,172,00143.jpg,1920,1080
fish,882,249,00143.jpg,1920,1080
fish,969,221,00143.jpg,1920,1080
fish,1060,188,00143.jpg,1920,1080
fish,1098,100,00143.jpg,1920,1080
fish,929,379,00143.jpg,1920,1080
fish,850,560,00143.jpg,1920,1080
fish,1068,575,00143.jpg,1920,1080
fish,1145,459,00143.jpg,1920,1080
fish,1363,531,00143.jpg,1920,1080
fish,1318,207,00143.jpg,1920,1080
fish,1344,155,00143.jpg,1920,1080
fish,1379,116,00143.jpg,1920,1080
fish,1197,204,00143.jpg,1920,1080
fish,1559,48,00143.jpg,1920,1080
fish,1544,177,00143.jpg,1920,1080
fish,1671,156,00143.jpg,1920,1080
fish,1650,102,00143.jpg,1920,1080
fish,1840,61,00143.jpg,1920,1080
fish,1635,238,00143.jpg,1920,1080
fish,1578,321,00143.jpg,1920,1080
fish,1887,277,00143.jpg,1920,1080
fish,265,1046,00144.jpg,1920,1080
fish,56,1043,00144.jpg,1920,1080
fish,27,985,00144.jpg,1920,1080
fish,500,958,00144.jpg,1920,1080
fish,711,815,00144.jpg,1920,1080
fish,118,682,00144.jpg,1920,1080
fish,27,545,00144.jpg,1920,1080
fish,133,287,00144.jpg,1920,1080
fish,201,315,00144.jpg,1920,1080
fish,375,277,00144.jpg,1920,1080
fish,529,375,00144.jpg,1920,1080
fish,681,429,00144.jpg,1920,1080
fish,789,357,00144.jpg,1920,1080
fish,513,651,00144.jpg,1920,1080
fish,1106,647,00144.jpg,1920,1080
fish,1485,489,00144.jpg,1920,1080
fish,1001,331,00144.jpg,1920,1080
fish,952,263,00144.jpg,1920,1080
fish,977,216,00144.jpg,1920,1080
fish,1126,298,00144.jpg,1920,1080
fish,1064,152,00144.jpg,1920,1080
fish,1187,139,00144.jpg,1920,1080
fish,1266,97,00144.jpg,1920,1080
fish,1327,86,00144.jpg,1920,1080
fish,1274,150,00144.jpg,1920,1080
fish,1454,94,00144.jpg,1920,1080
fish,1479,158,00144.jpg,1920,1080
fish,1434,260,00144.jpg,1920,1080
fish,1606,144,00144.jpg,1920,1080
fish,1674,69,00144.jpg,1920,1080
fish,1907,73,00144.jpg,1920,1080
fish,1112,28,00144.jpg,1920,1080
fish,1010,98,00144.jpg,1920,1080
fish,952,73,00144.jpg,1920,1080
fish,726,161,00144.jpg,1920,1080
fish,698,109,00144.jpg,1920,1080
fish,613,156,00144.jpg,1920,1080
fish,582,81,00144.jpg,1920,1080
fish,712,31,00144.jpg,1920,1080
fish,435,95,00144.jpg,1920,1080
fish,444,69,00144.jpg,1920,1080
fish,414,127,00144.jpg,1920,1080
fish,345,120,00144.jpg,1920,1080
fish,296,117,00144.jpg,1920,1080
fish,215,81,00144.jpg,1920,1080
fish,64,1043,00145.jpg,1920,1080
fish,259,1018,00145.jpg,1920,1080
fish,267,745,00145.jpg,1920,1080
fish,1040,817,00145.jpg,1920,1080
fish,1556,1071,00145.jpg,1920,1080
fish,1584,801,00145.jpg,1920,1080
fish,1512,647,00145.jpg,1920,1080
fish,1678,607,00145.jpg,1920,1080
fish,1729,400,00145.jpg,1920,1080
fish,1885,225,00145.jpg,1920,1080
fish,1842,111,00145.jpg,1920,1080
fish,1878,51,00145.jpg,1920,1080
fish,1611,67,00145.jpg,1920,1080
fish,1591,133,00145.jpg,1920,1080
fish,1412,139,00145.jpg,1920,1080
fish,1498,193,00145.jpg,1920,1080
fish,1360,236,00145.jpg,1920,1080
fish,1220,169,00145.jpg,1920,1080
fish,919,29,00145.jpg,1920,1080
fish,717,58,00145.jpg,1920,1080
fish,540,18,00145.jpg,1920,1080
fish,560,67,00145.jpg,1920,1080
fish,444,142,00145.jpg,1920,1080
fish,14,44,00145.jpg,1920,1080
fish,765,166,00145.jpg,1920,1080
fish,720,268,00145.jpg,1920,1080
fish,805,315,00145.jpg,1920,1080
fish,682,422,00145.jpg,1920,1080
fish,875,236,00145.jpg,1920,1080
fish,1059,327,00145.jpg,1920,1080
fish,924,418,00145.jpg,1920,1080
fish,41,1043,00146.jpg,1920,1080
fish,184,1040,00146.jpg,1920,1080
fish,340,759,00146.jpg,1920,1080
fish,466,1007,00146.jpg,1920,1080
fish,416,936,00146.jpg,1920,1080
fish,915,978,00146.jpg,1920,1080
fish,1642,804,00146.jpg,1920,1080
fish,439,367,00146.jpg,1920,1080
fish,315,247,00146.jpg,1920,1080
fish,257,171,00146.jpg,1920,1080
fish,33,106,00146.jpg,1920,1080
fish,58,15,00146.jpg,1920,1080
fish,64,236,00146.jpg,1920,1080
fish,14,381,00146.jpg,1920,1080
fish,690,243,00146.jpg,1920,1080
fish,653,127,00146.jpg,1920,1080
fish,546,26,00146.jpg,1920,1080
fish,703,14,00146.jpg,1920,1080
fish,987,59,00146.jpg,1920,1080
fish,905,153,00146.jpg,1920,1080
fish,811,142,00146.jpg,1920,1080
fish,963,279,00146.jpg,1920,1080
fish,1151,280,00146.jpg,1920,1080
fish,1115,207,00146.jpg,1920,1080
fish,1413,59,00146.jpg,1920,1080
fish,1366,28,00146.jpg,1920,1080
fish,1493,171,00146.jpg,1920,1080
fish,1658,73,00146.jpg,1920,1080
fish,1674,28,00146.jpg,1920,1080
fish,1660,166,00146.jpg,1920,1080
fish,1815,152,00146.jpg,1920,1080
fish,1846,39,00146.jpg,1920,1080
fish,185,455,00147.jpg,1920,1080
fish,50,442,00147.jpg,1920,1080
fish,31,180,00147.jpg,1920,1080
fish,129,743,00147.jpg,1920,1080
fish,281,822,00147.jpg,1920,1080
fish,212,1040,00147.jpg,1920,1080
fish,445,865,00147.jpg,1920,1080
fish,811,1052,00147.jpg,1920,1080
fish,885,975,00147.jpg,1920,1080
fish,971,765,00147.jpg,1920,1080
fish,885,660,00147.jpg,1920,1080
fish,856,593,00147.jpg,1920,1080
fish,568,411,00147.jpg,1920,1080
fish,751,353,00147.jpg,1920,1080
fish,541,241,00147.jpg,1920,1080
fish,494,124,00147.jpg,1920,1080
fish,425,69,00147.jpg,1920,1080
fish,351,189,00147.jpg,1920,1080
fish,717,67,00147.jpg,1920,1080
fish,679,70,00147.jpg,1920,1080
fish,971,91,00147.jpg,1920,1080
fish,863,326,00147.jpg,1920,1080
fish,874,26,00147.jpg,1920,1080
fish,1261,238,00147.jpg,1920,1080
fish,1206,420,00147.jpg,1920,1080
fish,1443,334,00147.jpg,1920,1080
fish,1520,202,00147.jpg,1920,1080
fish,1409,75,00147.jpg,1920,1080
fish,1605,39,00147.jpg,1920,1080
fish,1732,73,00147.jpg,1920,1080
fish,1884,65,00147.jpg,1920,1080
fish,1765,169,00147.jpg,1920,1080
fish,1730,252,00147.jpg,1920,1080
fish,1694,331,00147.jpg,1920,1080
fish,1525,649,00147.jpg,1920,1080
fish,199,1018,00148.jpg,1920,1080
fish,246,806,00148.jpg,1920,1080
fish,162,723,00148.jpg,1920,1080
fish,38,588,00148.jpg,1920,1080
fish,389,415,00148.jpg,1920,1080
fish,709,56,00148.jpg,1920,1080
fish,714,315,00148.jpg,1920,1080
fish,874,420,00148.jpg,1920,1080
fish,1446,301,00148.jpg,1920,1080
fish,1446,145,00148.jpg,1920,1080
fish,1691,81,00148.jpg,1920,1080
fish,1729,167,00148.jpg,1920,1080
fish,1220,23,00148.jpg,1920,1080
fish,1511,500,00148.jpg,1920,1080
fish,1473,599,00148.jpg,1920,1080
fish,1085,1016,00148.jpg,1920,1080
fish,1642,978,00148.jpg,1920,1080
fish,1598,621,00148.jpg,1920,1080
fish,1628,583,00148.jpg,1920,1080
fish,729,920,00149.jpg,1920,1080
fish,227,1060,00149.jpg,1920,1080
fish,38,1013,00149.jpg,1920,1080
fish,204,687,00149.jpg,1920,1080
fish,607,618,00149.jpg,1920,1080
fish,568,406,00149.jpg,1920,1080
fish,491,290,00149.jpg,1920,1080
fish,397,277,00149.jpg,1920,1080
fish,169,73,00149.jpg,1920,1080
fish,71,172,00149.jpg,1920,1080
fish,714,309,00149.jpg,1920,1080
fish,671,216,00149.jpg,1920,1080
fish,875,193,00149.jpg,1920,1080
fish,1013,116,00149.jpg,1920,1080
fish,1053,53,00149.jpg,1920,1080
fish,1189,111,00149.jpg,1920,1080
fish,1123,218,00149.jpg,1920,1080
fish,1225,172,00149.jpg,1920,1080
fish,1272,196,00149.jpg,1920,1080
fish,1316,472,00149.jpg,1920,1080
fish,1341,268,00149.jpg,1920,1080
fish,1504,17,00149.jpg,1920,1080
fish,1511,153,00149.jpg,1920,1080
fish,1663,149,00149.jpg,1920,1080
fish,1743,11,00149.jpg,1920,1080
fish,1722,47,00149.jpg,1920,1080
fish,1823,233,00149.jpg,1920,1080
fish,1895,583,00149.jpg,1920,1080
fish,673,503,00150.jpg,1920,1080
fish,220,619,00150.jpg,1920,1080
fish,271,713,00150.jpg,1920,1080
fish,212,925,00150.jpg,1920,1080
fish,231,1005,00150.jpg,1920,1080
fish,254,1047,00150.jpg,1920,1080
fish,568,897,00150.jpg,1920,1080
fish,111,351,00150.jpg,1920,1080
fish,118,67,00150.jpg,1920,1080
fish,292,240,00150.jpg,1920,1080
fish,428,182,00150.jpg,1920,1080
fish,530,296,00150.jpg,1920,1080
fish,417,464,00150.jpg,1920,1080
fish,649,215,00150.jpg,1920,1080
fish,725,160,00150.jpg,1920,1080
fish,654,131,00150.jpg,1920,1080
fish,692,62,00150.jpg,1920,1080
fish,817,15,00150.jpg,1920,1080
fish,905,25,00150.jpg,1920,1080
fish,910,98,00150.jpg,1920,1080
fish,871,193,00150.jpg,1920,1080
fish,965,175,00150.jpg,1920,1080
fish,797,313,00150.jpg,1920,1080
fish,943,291,00150.jpg,1920,1080
fish,1002,247,00150.jpg,1920,1080
fish,1178,236,00150.jpg,1920,1080
fish,1293,244,00150.jpg,1920,1080
fish,1137,472,00150.jpg,1920,1080
fish,1235,594,00150.jpg,1920,1080
fish,1120,775,00150.jpg,1920,1080
fish,1746,699,00150.jpg,1920,1080
fish,1338,65,00150.jpg,1920,1080
fish,1263,26,00150.jpg,1920,1080
fish,1478,131,00150.jpg,1920,1080
fish,1504,177,00150.jpg,1920,1080
fish,1589,34,00150.jpg,1920,1080
fish,1741,72,00150.jpg,1920,1080
fish,1747,139,00150.jpg,1920,1080
fish,1718,138,00150.jpg,1920,1080
fish,1848,113,00150.jpg,1920,1080
fish,482,911,00151.jpg,1920,1080
fish,240,695,00151.jpg,1920,1080
fish,154,290,00151.jpg,1920,1080
fish,264,197,00151.jpg,1920,1080
fish,207,62,00151.jpg,1920,1080
fish,384,102,00151.jpg,1920,1080
fish,345,166,00151.jpg,1920,1080
fish,525,145,00151.jpg,1920,1080
fish,711,247,00151.jpg,1920,1080
fish,773,171,00151.jpg,1920,1080
fish,714,122,00151.jpg,1920,1080
fish,817,37,00151.jpg,1920,1080
fish,869,236,00151.jpg,1920,1080
fish,1026,301,00151.jpg,1920,1080
fish,999,354,00151.jpg,1920,1080
fish,872,743,00151.jpg,1920,1080
fish,1144,723,00151.jpg,1920,1080
fish,1202,906,00151.jpg,1920,1080
fish,1073,139,00151.jpg,1920,1080
fish,1155,161,00151.jpg,1920,1080
fish,1247,87,00151.jpg,1920,1080
fish,1313,124,00151.jpg,1920,1080
fish,1349,210,00151.jpg,1920,1080
fish,1591,346,00151.jpg,1920,1080
fish,1769,571,00151.jpg,1920,1080
fish,1843,365,00151.jpg,1920,1080
fish,1849,298,00151.jpg,1920,1080
fish,1889,288,00151.jpg,1920,1080
fish,1896,185,00151.jpg,1920,1080
fish,1727,175,00151.jpg,1920,1080
fish,1722,98,00151.jpg,1920,1080
fish,1614,135,00151.jpg,1920,1080
fish,314,713,00152.jpg,1920,1080
fish,267,624,00152.jpg,1920,1080
fish,296,481,00152.jpg,1920,1080
fish,42,486,00152.jpg,1920,1080
fish,85,982,00152.jpg,1920,1080
fish,223,1049,00152.jpg,1920,1080
fish,701,906,00152.jpg,1920,1080
fish,25,349,00152.jpg,1920,1080
fish,27,249,00152.jpg,1920,1080
fish,53,102,00152.jpg,1920,1080
fish,249,210,00152.jpg,1920,1080
fish,422,69,00152.jpg,1920,1080
fish,560,70,00152.jpg,1920,1080
fish,609,12,00152.jpg,1920,1080
fish,825,81,00152.jpg,1920,1080
fish,820,207,00152.jpg,1920,1080
fish,789,252,00152.jpg,1920,1080
fish,751,293,00152.jpg,1920,1080
fish,486,475,00152.jpg,1920,1080
fish,681,437,00152.jpg,1920,1080
fish,1147,249,00152.jpg,1920,1080
fish,1015,262,00152.jpg,1920,1080
fish,1096,199,00152.jpg,1920,1080
fish,1002,144,00152.jpg,1920,1080
fish,1085,84,00152.jpg,1920,1080
fish,1181,150,00152.jpg,1920,1080
fish,1384,64,00152.jpg,1920,1080
fish,1460,145,00152.jpg,1920,1080
fish,1438,348,00152.jpg,1920,1080
fish,1344,511,00152.jpg,1920,1080
fish,1562,602,00152.jpg,1920,1080
fish,1454,859,00152.jpg,1920,1080
fish,1619,924,00152.jpg,1920,1080
fish,1873,462,00152.jpg,1920,1080
fish,1609,389,00152.jpg,1920,1080
fish,1630,155,00152.jpg,1920,1080
fish,1704,80,00152.jpg,1920,1080
fish,1758,120,00152.jpg,1920,1080
fish,1845,70,00152.jpg,1920,1080
fish,1900,72,00152.jpg,1920,1080
fish,243,1058,00153.jpg,1920,1080
fish,125,1002,00153.jpg,1920,1080
fish,411,1063,00153.jpg,1920,1080
fish,331,658,00153.jpg,1920,1080
fish,696,591,00153.jpg,1920,1080
fish,174,193,00153.jpg,1920,1080
fish,234,141,00153.jpg,1920,1080
fish,326,97,00153.jpg,1920,1080
fish,408,194,00153.jpg,1920,1080
fish,563,155,00153.jpg,1920,1080
fish,571,215,00153.jpg,1920,1080
fish,621,258,00153.jpg,1920,1080
fish,737,131,00153.jpg,1920,1080
fish,662,215,00153.jpg,1920,1080
fish,1023,160,00153.jpg,1920,1080
fish,1057,175,00153.jpg,1920,1080
fish,1107,200,00153.jpg,1920,1080
fish,1140,59,00153.jpg,1920,1080
fish,1004,14,00153.jpg,1920,1080
fish,1355,44,00153.jpg,1920,1080
fish,1507,95,00153.jpg,1920,1080
fish,1412,326,00153.jpg,1920,1080
fish,1485,469,00153.jpg,1920,1080
fish,1887,343,00153.jpg,1920,1080
fish,1617,263,00153.jpg,1920,1080
fish,1658,97,00153.jpg,1920,1080
fish,1809,70,00153.jpg,1920,1080
fish,1893,48,00153.jpg,1920,1080
fish,1790,188,00153.jpg,1920,1080
fish,300,1041,00154.jpg,1920,1080
fish,143,997,00154.jpg,1920,1080
fish,500,989,00154.jpg,1920,1080
fish,384,690,00154.jpg,1920,1080
fish,406,423,00154.jpg,1920,1080
fish,375,268,00154.jpg,1920,1080
fish,223,285,00154.jpg,1920,1080
fish,173,225,00154.jpg,1920,1080
fish,30,243,00154.jpg,1920,1080
fish,232,128,00154.jpg,1920,1080
fish,279,69,00154.jpg,1920,1080
fish,369,152,00154.jpg,1920,1080
fish,634,200,00154.jpg,1920,1080
fish,616,415,00154.jpg,1920,1080
fish,795,210,00154.jpg,1920,1080
fish,758,103,00154.jpg,1920,1080
fish,704,47,00154.jpg,1920,1080
fish,944,210,00154.jpg,1920,1080
fish,1032,109,00154.jpg,1920,1080
fish,1024,177,00154.jpg,1920,1080
fish,941,426,00154.jpg,1920,1080
fish,1161,357,00154.jpg,1920,1080
fish,965,619,00154.jpg,1920,1080
fish,1136,156,00154.jpg,1920,1080
fish,1075,185,00154.jpg,1920,1080
fish,1164,89,00154.jpg,1920,1080
fish,1208,169,00154.jpg,1920,1080
fish,1338,86,00154.jpg,1920,1080
fish,1412,91,00154.jpg,1920,1080
fish,1429,67,00154.jpg,1920,1080
fish,1704,58,00154.jpg,1920,1080
fish,1795,76,00154.jpg,1920,1080
fish,1556,440,00154.jpg,1920,1080
fish,1849,459,00154.jpg,1920,1080
fish,1539,691,00154.jpg,1920,1080
fish,1614,633,00154.jpg,1920,1080
fish,1329,964,00154.jpg,1920,1080
fish,149,966,00155.jpg,1920,1080
fish,333,1044,00155.jpg,1920,1080
fish,370,677,00155.jpg,1920,1080
fish,202,284,00155.jpg,1920,1080
fish,27,193,00155.jpg,1920,1080
fish,235,98,00155.jpg,1920,1080
fish,216,161,00155.jpg,1920,1080
fish,369,213,00155.jpg,1920,1080
fish,395,120,00155.jpg,1920,1080
fish,504,188,00155.jpg,1920,1080
fish,615,53,00155.jpg,1920,1080
fish,486,282,00155.jpg,1920,1080
fish,665,326,00155.jpg,1920,1080
fish,780,222,00155.jpg,1920,1080
fish,822,109,00155.jpg,1920,1080
fish,813,58,00155.jpg,1920,1080
fish,816,337,00155.jpg,1920,1080
fish,866,320,00155.jpg,1920,1080
fish,761,313,00155.jpg,1920,1080
fish,902,219,00155.jpg,1920,1080
fish,985,139,00155.jpg,1920,1080
fish,1004,244,00155.jpg,1920,1080
fish,1078,232,00155.jpg,1920,1080
fish,1200,172,00155.jpg,1920,1080
fish,1128,78,00155.jpg,1920,1080
fish,1235,56,00155.jpg,1920,1080
fish,1302,18,00155.jpg,1920,1080
fish,1310,144,00155.jpg,1920,1080
fish,1275,219,00155.jpg,1920,1080
fish,1167,349,00155.jpg,1920,1080
fish,1103,875,00155.jpg,1920,1080
fish,1153,905,00155.jpg,1920,1080
fish,1482,177,00155.jpg,1920,1080
fish,1368,194,00155.jpg,1920,1080
fish,1567,84,00155.jpg,1920,1080
fish,1873,174,00155.jpg,1920,1080
fish,1564,447,00155.jpg,1920,1080
fish,224,972,00156.jpg,1920,1080
fish,42,1002,00156.jpg,1920,1080
fish,436,1011,00156.jpg,1920,1080
fish,1203,1000,00156.jpg,1920,1080
fish,402,676,00156.jpg,1920,1080
fish,289,732,00156.jpg,1920,1080
fish,584,411,00156.jpg,1920,1080
fish,499,320,00156.jpg,1920,1080
fish,358,105,00156.jpg,1920,1080
fish,249,160,00156.jpg,1920,1080
fish,195,20,00156.jpg,1920,1080
fish,595,65,00156.jpg,1920,1080
fish,783,150,00156.jpg,1920,1080
fish,689,327,00156.jpg,1920,1080
fish,861,329,00156.jpg,1920,1080
fish,1056,321,00156.jpg,1920,1080
fish,1136,277,00156.jpg,1920,1080
fish,1117,232,00156.jpg,1920,1080
fish,897,59,00156.jpg,1920,1080
fish,1260,141,00156.jpg,1920,1080
fish,1341,160,00156.jpg,1920,1080
fish,1605,125,00156.jpg,1920,1080
fish,1635,95,00156.jpg,1920,1080
fish,1697,153,00156.jpg,1920,1080
fish,1733,199,00156.jpg,1920,1080
fish,1892,152,00156.jpg,1920,1080
fish,1547,285,00156.jpg,1920,1080
fish,1565,453,00156.jpg,1920,1080
fish,1371,593,00156.jpg,1920,1080
fish,1098,1055,00156.jpg,1920,1080
fish,306,572,00156.jpg,1920,1080
fish,193,533,00156.jpg,1920,1080
fish,1131,18,00156.jpg,1920,1080
fish,227,1051,00157.jpg,1920,1080
fish,298,947,00157.jpg,1920,1080
fish,279,790,00157.jpg,1920,1080
fish,397,669,00157.jpg,1920,1080
fish,441,941,00157.jpg,1920,1080
fish,588,935,00157.jpg,1920,1080
fish,82,299,00157.jpg,1920,1080
fish,75,233,00157.jpg,1920,1080
fish,20,202,00157.jpg,1920,1080
fish,45,20,00157.jpg,1920,1080
fish,328,17,00157.jpg,1920,1080
fish,598,100,00157.jpg,1920,1080
fish,577,188,00157.jpg,1920,1080
fish,781,174,00157.jpg,1920,1080
fish,685,412,00157.jpg,1920,1080
fish,794,484,00157.jpg,1920,1080
fish,904,379,00157.jpg,1920,1080
fish,1068,880,00157.jpg,1920,1080
fish,1181,644,00157.jpg,1920,1080
fish,1903,560,00157.jpg,1920,1080
fish,1779,288,00157.jpg,1920,1080
fish,1823,166,00157.jpg,1920,1080
fish,1769,135,00157.jpg,1920,1080
fish,1827,59,00157.jpg,1920,1080
fish,1616,230,00157.jpg,1920,1080
fish,1639,191,00157.jpg,1920,1080
fish,1647,78,00157.jpg,1920,1080
fish,1376,167,00157.jpg,1920,1080
fish,1338,236,00157.jpg,1920,1080
fish,1278,280,00157.jpg,1920,1080
fish,1405,211,00157.jpg,1920,1080
fish,1249,196,00157.jpg,1920,1080
fish,1147,127,00157.jpg,1920,1080
fish,1225,67,00157.jpg,1920,1080
fish,1057,103,00157.jpg,1920,1080
fish,1090,211,00157.jpg,1920,1080
fish,969,128,00157.jpg,1920,1080
fish,894,120,00157.jpg,1920,1080
fish,215,1046,00158.jpg,1920,1080
fish,621,850,00158.jpg,1920,1080
fish,497,622,00158.jpg,1920,1080
fish,356,613,00158.jpg,1920,1080
fish,63,305,00158.jpg,1920,1080
fish,100,171,00158.jpg,1920,1080
fish,552,249,00158.jpg,1920,1080
fish,344,260,00158.jpg,1920,1080
fish,643,364,00158.jpg,1920,1080
fish,736,225,00158.jpg,1920,1080
fish,739,155,00158.jpg,1920,1080
fish,765,87,00158.jpg,1920,1080
fish,816,97,00158.jpg,1920,1080
fish,731,120,00158.jpg,1920,1080
fish,940,171,00158.jpg,1920,1080
fish,982,94,00158.jpg,1920,1080
fish,1079,95,00158.jpg,1920,1080
fish,1075,142,00158.jpg,1920,1080
fish,1031,229,00158.jpg,1920,1080
fish,1222,122,00158.jpg,1920,1080
fish,1222,271,00158.jpg,1920,1080
fish,1297,178,00158.jpg,1920,1080
fish,1332,207,00158.jpg,1920,1080
fish,1379,135,00158.jpg,1920,1080
fish,1420,142,00158.jpg,1920,1080
fish,1413,58,00158.jpg,1920,1080
fish,1492,80,00158.jpg,1920,1080
fish,1713,31,00158.jpg,1920,1080
fish,1647,174,00158.jpg,1920,1080
fish,1572,145,00158.jpg,1920,1080
fish,1765,76,00158.jpg,1920,1080
fish,1859,34,00158.jpg,1920,1080
fish,1813,155,00158.jpg,1920,1080
fish,1881,155,00158.jpg,1920,1080
fish,1881,205,00158.jpg,1920,1080
fish,1807,451,00158.jpg,1920,1080
fish,1363,916,00158.jpg,1920,1080
fish,1208,635,00158.jpg,1920,1080
fish,195,1044,00159.jpg,1920,1080
fish,53,553,00159.jpg,1920,1080
fish,601,822,00159.jpg,1920,1080
fish,1363,911,00159.jpg,1920,1080
fish,1741,892,00159.jpg,1920,1080
fish,1027,760,00159.jpg,1920,1080
fish,358,164,00159.jpg,1920,1080
fish,491,128,00159.jpg,1920,1080
fish,276,58,00159.jpg,1920,1080
fish,336,103,00159.jpg,1920,1080
fish,643,56,00159.jpg,1920,1080
fish,1013,58,00159.jpg,1920,1080
fish,784,271,00159.jpg,1920,1080
fish,718,221,00159.jpg,1920,1080
fish,955,354,00159.jpg,1920,1080
fish,1035,204,00159.jpg,1920,1080
fish,1140,254,00159.jpg,1920,1080
fish,1202,166,00159.jpg,1920,1080
fish,1426,266,00159.jpg,1920,1080
fish,1388,150,00159.jpg,1920,1080
fish,1395,36,00159.jpg,1920,1080
fish,1572,97,00159.jpg,1920,1080
fish,1685,87,00159.jpg,1920,1080
fish,1744,59,00159.jpg,1920,1080
fish,1917,102,00159.jpg,1920,1080
fish,1733,420,00159.jpg,1920,1080
fish,1592,572,00159.jpg,1920,1080
fish,216,1049,00160.jpg,1920,1080
fish,19,513,00160.jpg,1920,1080
fish,504,476,00160.jpg,1920,1080
fish,471,687,00160.jpg,1920,1080
fish,287,200,00160.jpg,1920,1080
fish,210,80,00160.jpg,1920,1080
fish,28,145,00160.jpg,1920,1080
fish,596,193,00160.jpg,1920,1080
fish,649,161,00160.jpg,1920,1080
fish,733,135,00160.jpg,1920,1080
fish,659,94,00160.jpg,1920,1080
fish,736,186,00160.jpg,1920,1080
fish,642,304,00160.jpg,1920,1080
fish,836,271,00160.jpg,1920,1080
fish,930,447,00160.jpg,1920,1080
fish,1123,536,00160.jpg,1920,1080
fish,1156,815,00160.jpg,1920,1080
fish,1368,520,00160.jpg,1920,1080
fish,1660,760,00160.jpg,1920,1080
fish,1710,375,00160.jpg,1920,1080
fish,1650,197,00160.jpg,1920,1080
fish,1694,111,00160.jpg,1920,1080
fish,1795,20,00160.jpg,1920,1080
fish,1901,59,00160.jpg,1920,1080
fish,1537,17,00160.jpg,1920,1080
fish,1322,138,00160.jpg,1920,1080
fish,1211,186,00160.jpg,1920,1080
fish,1194,130,00160.jpg,1920,1080
fish,1070,160,00160.jpg,1920,1080
fish,1026,95,00160.jpg,1920,1080
fish,980,191,00160.jpg,1920,1080
fish,1089,138,00160.jpg,1920,1080
fish,1241,51,00160.jpg,1920,1080
fish,554,778,00161.jpg,1920,1080
fish,323,1051,00161.jpg,1920,1080
fish,723,629,00161.jpg,1920,1080
fish,872,818,00161.jpg,1920,1080
fish,1327,440,00161.jpg,1920,1080
fish,1878,437,00161.jpg,1920,1080
fish,1644,128,00161.jpg,1920,1080
fish,1876,22,00161.jpg,1920,1080
fish,1645,64,00161.jpg,1920,1080
fish,1642,34,00161.jpg,1920,1080
fish,1531,23,00161.jpg,1920,1080
fish,1467,97,00161.jpg,1920,1080
fish,1550,194,00161.jpg,1920,1080
fish,1330,72,00161.jpg,1920,1080
fish,1053,271,00161.jpg,1920,1080
fish,965,89,00161.jpg,1920,1080
fish,915,37,00161.jpg,1920,1080
fish,725,61,00161.jpg,1920,1080
fish,883,160,00161.jpg,1920,1080
fish,872,293,00161.jpg,1920,1080
fish,742,247,00161.jpg,1920,1080
fish,645,188,00161.jpg,1920,1080
fish,612,78,00161.jpg,1920,1080
fish,612,329,00161.jpg,1920,1080
fish,725,232,00161.jpg,1920,1080
fish,472,310,00161.jpg,1920,1080
fish,463,222,00161.jpg,1920,1080
fish,378,67,00161.jpg,1920,1080
fish,237,130,00161.jpg,1920,1080
fish,160,277,00161.jpg,1920,1080
fish,248,37,00161.jpg,1920,1080
fish,438,1044,00162.jpg,1920,1080
fish,507,922,00162.jpg,1920,1080
fish,311,840,00162.jpg,1920,1080
fish,202,1054,00162.jpg,1920,1080
fish,93,436,00162.jpg,1920,1080
fish,52,94,00162.jpg,1920,1080
fish,325,205,00162.jpg,1920,1080
fish,456,265,00162.jpg,1920,1080
fish,759,480,00162.jpg,1920,1080
fish,618,390,00162.jpg,1920,1080
fish,704,191,00162.jpg,1920,1080
fish,781,200,00162.jpg,1920,1080
fish,910,158,00162.jpg,1920,1080
fish,866,249,00162.jpg,1920,1080
fish,809,25,00162.jpg,1920,1080
fish,935,39,00162.jpg,1920,1080
fish,1090,193,00162.jpg,1920,1080
fish,1186,167,00162.jpg,1920,1080
fish,1071,395,00162.jpg,1920,1080
fish,995,610,00162.jpg,1920,1080
fish,973,712,00162.jpg,1920,1080
fish,1492,845,00162.jpg,1920,1080
fish,1305,97,00162.jpg,1920,1080
fish,1561,33,00162.jpg,1920,1080
fish,1449,252,00162.jpg,1920,1080
fish,1512,310,00162.jpg,1920,1080
fish,1572,160,00162.jpg,1920,1080
fish,1674,160,00162.jpg,1920,1080
fish,1667,233,00162.jpg,1920,1080
fish,1777,98,00162.jpg,1920,1080
fish,1688,36,00162.jpg,1920,1080
fish,1798,285,00162.jpg,1920,1080
fish,347,1057,00163.jpg,1920,1080
fish,133,1027,00163.jpg,1920,1080
fish,456,429,00163.jpg,1920,1080
fish,309,144,00163.jpg,1920,1080
fish,328,83,00163.jpg,1920,1080
fish,39,31,00163.jpg,1920,1080
fish,513,23,00163.jpg,1920,1080
fish,703,268,00163.jpg,1920,1080
fish,918,216,00163.jpg,1920,1080
fish,1278,224,00163.jpg,1920,1080
fish,1735,718,00163.jpg,1920,1080
fish,1534,781,00163.jpg,1920,1080
fish,1583,487,00163.jpg,1920,1080
fish,1751,542,00163.jpg,1920,1080
fish,1514,385,00163.jpg,1920,1080
fish,1671,258,00163.jpg,1920,1080
fish,1900,25,00163.jpg,1920,1080
fish,1901,100,00163.jpg,1920,1080
fish,1813,84,00163.jpg,1920,1080
fish,1829,37,00163.jpg,1920,1080
fish,1738,51,00163.jpg,1920,1080
fish,1653,29,00163.jpg,1920,1080
fish,1539,81,00163.jpg,1920,1080
fish,1296,18,00163.jpg,1920,1080
fish,1084,70,00163.jpg,1920,1080
fish,1026,262,00163.jpg,1920,1080
fish,996,353,00163.jpg,1920,1080
fish,1161,378,00163.jpg,1920,1080
fish,733,158,00163.jpg,1920,1080
fish,519,977,00164.jpg,1920,1080
fish,362,1055,00164.jpg,1920,1080
fish,138,1032,00164.jpg,1920,1080
fish,769,414,00164.jpg,1920,1080
fish,491,346,00164.jpg,1920,1080
fish,97,277,00164.jpg,1920,1080
fish,97,193,00164.jpg,1920,1080
fish,355,84,00164.jpg,1920,1080
fish,624,114,00164.jpg,1920,1080
fish,505,216,00164.jpg,1920,1080
fish,668,164,00164.jpg,1920,1080
fish,733,149,00164.jpg,1920,1080
fish,871,169,00164.jpg,1920,1080
fish,874,108,00164.jpg,1920,1080
fish,1258,139,00164.jpg,1920,1080
fish,1059,51,00164.jpg,1920,1080
fish,1142,241,00164.jpg,1920,1080
fish,1440,418,00164.jpg,1920,1080
fish,1324,549,00164.jpg,1920,1080
fish,1597,327,00164.jpg,1920,1080
fish,1606,238,00164.jpg,1920,1080
fish,1551,135,00164.jpg,1920,1080
fish,1605,69,00164.jpg,1920,1080
fish,1239,22,00164.jpg,1920,1080
fish,1376,33,00164.jpg,1920,1080
fish,1721,81,00164.jpg,1920,1080
fish,1849,89,00164.jpg,1920,1080
fish,1751,525,00164.jpg,1920,1080
fish,1597,701,00164.jpg,1920,1080
fish,232,1043,00165.jpg,1920,1080
fish,885,1011,00165.jpg,1920,1080
fish,936,822,00165.jpg,1920,1080
fish,1073,804,00165.jpg,1920,1080
fish,1255,735,00165.jpg,1920,1080
fish,1434,594,00165.jpg,1920,1080
fish,1451,646,00165.jpg,1920,1080
fish,734,585,00165.jpg,1920,1080
fish,405,682,00165.jpg,1920,1080
fish,406,567,00165.jpg,1920,1080
fish,235,520,00165.jpg,1920,1080
fish,264,455,00165.jpg,1920,1080
fish,295,478,00165.jpg,1920,1080
fish,111,539,00165.jpg,1920,1080
fish,146,364,00165.jpg,1920,1080
fish,158,287,00165.jpg,1920,1080
fish,66,246,00165.jpg,1920,1080
fish,22,29,00165.jpg,1920,1080
fish,27,332,00165.jpg,1920,1080
fish,375,53,00165.jpg,1920,1080
fish,442,117,00165.jpg,1920,1080
fish,574,207,00165.jpg,1920,1080
fish,574,100,00165.jpg,1920,1080
fish,494,273,00165.jpg,1920,1080
fish,524,412,00165.jpg,1920,1080
fish,659,376,00165.jpg,1920,1080
fish,660,329,00165.jpg,1920,1080
fish,781,98,00165.jpg,1920,1080
fish,855,120,00165.jpg,1920,1080
fish,1184,197,00165.jpg,1920,1080
fish,1049,238,00165.jpg,1920,1080
fish,1200,255,00165.jpg,1920,1080
fish,1327,102,00165.jpg,1920,1080
fish,1260,130,00165.jpg,1920,1080
fish,1307,25,00165.jpg,1920,1080
fish,1407,31,00165.jpg,1920,1080
fish,1600,117,00165.jpg,1920,1080
fish,1696,34,00165.jpg,1920,1080
fish,1774,78,00165.jpg,1920,1080
fish,1834,169,00165.jpg,1920,1080
fish,1743,193,00165.jpg,1920,1080
fish,1683,229,00165.jpg,1920,1080
fish,275,1060,00166.jpg,1920,1080
fish,384,1076,00166.jpg,1920,1080
fish,460,695,00166.jpg,1920,1080
fish,169,238,00166.jpg,1920,1080
fish,108,144,00166.jpg,1920,1080
fish,45,219,00166.jpg,1920,1080
fish,41,80,00166.jpg,1920,1080
fish,47,360,00166.jpg,1920,1080
fish,333,194,00166.jpg,1920,1080
fish,424,271,00166.jpg,1920,1080
fish,427,80,00166.jpg,1920,1080
fish,591,163,00166.jpg,1920,1080
fish,547,271,00166.jpg,1920,1080
fish,516,349,00166.jpg,1920,1080
fish,599,320,00166.jpg,1920,1080
fish,657,276,00166.jpg,1920,1080
fish,762,274,00166.jpg,1920,1080
fish,571,307,00166.jpg,1920,1080
fish,798,403,00166.jpg,1920,1080
fish,1081,296,00166.jpg,1920,1080
fish,1049,266,00166.jpg,1920,1080
fish,1042,189,00166.jpg,1920,1080
fish,1067,145,00166.jpg,1920,1080
fish,861,29,00166.jpg,1920,1080
fish,1194,114,00166.jpg,1920,1080
fish,1291,50,00166.jpg,1920,1080
fish,1231,182,00166.jpg,1920,1080
fish,1341,207,00166.jpg,1920,1080
fish,1464,25,00166.jpg,1920,1080
fish,1525,72,00166.jpg,1920,1080
fish,1639,26,00166.jpg,1920,1080
fish,1600,185,00166.jpg,1920,1080
fish,1791,191,00166.jpg,1920,1080
fish,1743,373,00166.jpg,1920,1080
fish,1666,604,00166.jpg,1920,1080
fish,1561,533,00166.jpg,1920,1080
fish,1129,622,00166.jpg,1920,1080
fish,1398,481,00166.jpg,1920,1080
fish,347,1065,00167.jpg,1920,1080
fish,50,1046,00167.jpg,1920,1080
fish,262,340,00167.jpg,1920,1080
fish,306,324,00167.jpg,1920,1080
fish,386,284,00167.jpg,1920,1080
fish,356,222,00167.jpg,1920,1080
fish,420,202,00167.jpg,1920,1080
fish,488,260,00167.jpg,1920,1080
fish,411,72,00167.jpg,1920,1080
fish,162,69,00167.jpg,1920,1080
fish,177,205,00167.jpg,1920,1080
fish,667,269,00167.jpg,1920,1080
fish,759,265,00167.jpg,1920,1080
fish,596,376,00167.jpg,1920,1080
fish,871,208,00167.jpg,1920,1080
fish,980,207,00167.jpg,1920,1080
fish,1096,122,00167.jpg,1920,1080
fish,1114,193,00167.jpg,1920,1080
fish,1129,274,00167.jpg,1920,1080
fish,1018,321,00167.jpg,1920,1080
fish,1081,263,00167.jpg,1920,1080
fish,1043,169,00167.jpg,1920,1080
fish,1278,371,00167.jpg,1920,1080
fish,1297,221,00167.jpg,1920,1080
fish,1321,194,00167.jpg,1920,1080
fish,1313,119,00167.jpg,1920,1080
fish,1416,125,00167.jpg,1920,1080
fish,1338,50,00167.jpg,1920,1080
fish,1551,375,00167.jpg,1920,1080
fish,1614,229,00167.jpg,1920,1080
fish,1479,182,00167.jpg,1920,1080
fish,1562,138,00167.jpg,1920,1080
fish,1658,91,00167.jpg,1920,1080
fish,1743,120,00167.jpg,1920,1080
fish,1788,133,00167.jpg,1920,1080
fish,1716,219,00167.jpg,1920,1080
fish,147,1002,00168.jpg,1920,1080
fish,786,867,00168.jpg,1920,1080
fish,348,858,00168.jpg,1920,1080
fish,433,318,00168.jpg,1920,1080
fish,445,262,00168.jpg,1920,1080
fish,336,122,00168.jpg,1920,1080
fish,516,98,00168.jpg,1920,1080
fish,513,17,00168.jpg,1920,1080
fish,762,171,00168.jpg,1920,1080
fish,924,135,00168.jpg,1920,1080
fish,772,260,00168.jpg,1920,1080
fish,979,72,00168.jpg,1920,1080
fish,1078,125,00168.jpg,1920,1080
fish,1009,229,00168.jpg,1920,1080
fish,1415,95,00168.jpg,1920,1080
fish,1390,156,00168.jpg,1920,1080
fish,1311,241,00168.jpg,1920,1080
fish,1245,229,00168.jpg,1920,1080
fish,1325,73,00168.jpg,1920,1080
fish,1454,224,00168.jpg,1920,1080
fish,1514,169,00168.jpg,1920,1080
fish,1614,163,00168.jpg,1920,1080
fish,1699,106,00168.jpg,1920,1080
fish,1685,18,00168.jpg,1920,1080
fish,1816,114,00168.jpg,1920,1080
fish,1867,142,00168.jpg,1920,1080
fish,1818,218,00168.jpg,1920,1080
fish,1834,422,00168.jpg,1920,1080
fish,1161,331,00168.jpg,1920,1080
fish,1242,632,00168.jpg,1920,1080
fish,483,1073,00168.jpg,1920,1080
fish,491,338,00169.jpg,1920,1080
fish,609,182,00169.jpg,1920,1080
fish,654,288,00169.jpg,1920,1080
fish,350,244,00169.jpg,1920,1080
fish,176,211,00169.jpg,1920,1080
fish,20,290,00169.jpg,1920,1080
fish,25,1024,00169.jpg,1920,1080
fish,198,1011,00169.jpg,1920,1080
fish,1562,834,00169.jpg,1920,1080
fish,748,155,00169.jpg,1920,1080
fish,900,263,00169.jpg,1920,1080
fish,845,208,00169.jpg,1920,1080
fish,841,335,00169.jpg,1920,1080
fish,965,307,00169.jpg,1920,1080
fish,1004,211,00169.jpg,1920,1080
fish,1023,135,00169.jpg,1920,1080
fish,1103,111,00169.jpg,1920,1080
fish,1178,25,00169.jpg,1920,1080
fish,1189,155,00169.jpg,1920,1080
fish,1131,362,00169.jpg,1920,1080
fish,1252,349,00169.jpg,1920,1080
fish,1415,130,00169.jpg,1920,1080
fish,1503,50,00169.jpg,1920,1080
fish,1553,114,00169.jpg,1920,1080
fish,1542,169,00169.jpg,1920,1080
fish,1515,210,00169.jpg,1920,1080
fish,1556,235,00169.jpg,1920,1080
fish,1691,133,00169.jpg,1920,1080
fish,1704,230,00169.jpg,1920,1080
fish,1780,210,00169.jpg,1920,1080
fish,1851,130,00169.jpg,1920,1080
fish,1838,28,00169.jpg,1920,1080
fish,301,1065,00170.jpg,1920,1080
fish,166,1046,00170.jpg,1920,1080
fish,97,1008,00170.jpg,1920,1080
fish,19,963,00170.jpg,1920,1080
fish,234,753,00170.jpg,1920,1080
fish,497,969,00170.jpg,1920,1080
fish,499,695,00170.jpg,1920,1080
fish,1205,641,00170.jpg,1920,1080
fish,1420,630,00170.jpg,1920,1080
fish,1446,831,00170.jpg,1920,1080
fish,1191,1019,00170.jpg,1920,1080
fish,739,486,00170.jpg,1920,1080
fish,864,539,00170.jpg,1920,1080
fish,811,331,00170.jpg,1920,1080
fish,632,284,00170.jpg,1920,1080
fish,634,221,00170.jpg,1920,1080
fish,460,326,00170.jpg,1920,1080
fish,431,70,00170.jpg,1920,1080
fish,55,14,00170.jpg,1920,1080
fish,620,91,00170.jpg,1920,1080
fish,783,95,00170.jpg,1920,1080
fish,882,23,00170.jpg,1920,1080
fish,844,166,00170.jpg,1920,1080
fish,990,287,00170.jpg,1920,1080
fish,1123,221,00170.jpg,1920,1080
fish,1137,290,00170.jpg,1920,1080
fish,1075,262,00170.jpg,1920,1080
fish,1228,298,00170.jpg,1920,1080
fish,1203,186,00170.jpg,1920,1080
fish,1224,120,00170.jpg,1920,1080
fish,1180,39,00170.jpg,1920,1080
fish,1355,9,00170.jpg,1920,1080
fish,1426,26,00170.jpg,1920,1080
fish,1338,113,00170.jpg,1920,1080
fish,1443,144,00170.jpg,1920,1080
fish,1536,180,00170.jpg,1920,1080
fish,1473,280,00170.jpg,1920,1080
fish,1531,282,00170.jpg,1920,1080
fish,1685,298,00170.jpg,1920,1080
fish,1707,150,00170.jpg,1920,1080
fish,1650,67,00170.jpg,1920,1080
fish,1829,117,00170.jpg,1920,1080
fish,1889,189,00170.jpg,1920,1080
fish,158,1021,00171.jpg,1920,1080
fish,58,997,00171.jpg,1920,1080
fish,125,828,00171.jpg,1920,1080
fish,1206,856,00171.jpg,1920,1080
fish,1060,625,00171.jpg,1920,1080
fish,1884,756,00171.jpg,1920,1080
fish,298,243,00171.jpg,1920,1080
fish,303,150,00171.jpg,1920,1080
fish,295,70,00171.jpg,1920,1080
fish,33,20,00171.jpg,1920,1080
fish,380,97,00171.jpg,1920,1080
fish,413,80,00171.jpg,1920,1080
fish,510,39,00171.jpg,1920,1080
fish,499,219,00171.jpg,1920,1080
fish,577,97,00171.jpg,1920,1080
fish,463,307,00171.jpg,1920,1080
fish,701,271,00171.jpg,1920,1080
fish,729,156,00171.jpg,1920,1080
fish,734,45,00171.jpg,1920,1080
fish,764,298,00171.jpg,1920,1080
fish,845,262,00171.jpg,1920,1080
fish,915,342,00171.jpg,1920,1080
fish,952,262,00171.jpg,1920,1080
fish,1095,241,00171.jpg,1920,1080
fish,1031,98,00171.jpg,1920,1080
fish,1104,108,00171.jpg,1920,1080
fish,1145,50,00171.jpg,1920,1080
fish,1247,207,00171.jpg,1920,1080
fish,1340,69,00171.jpg,1920,1080
fish,1373,26,00171.jpg,1920,1080
fish,1457,29,00171.jpg,1920,1080
fish,1522,142,00171.jpg,1920,1080
fish,1503,116,00171.jpg,1920,1080
fish,1655,144,00171.jpg,1920,1080
fish,1603,241,00171.jpg,1920,1080
fish,1826,31,00171.jpg,1920,1080
fish,27,97,00172.jpg,1920,1080
fish,52,180,00172.jpg,1920,1080
fish,180,204,00172.jpg,1920,1080
fish,282,225,00172.jpg,1920,1080
fish,311,279,00172.jpg,1920,1080
fish,372,241,00172.jpg,1920,1080
fish,394,211,00172.jpg,1920,1080
fish,455,103,00172.jpg,1920,1080
fish,323,86,00172.jpg,1920,1080
fish,518,171,00172.jpg,1920,1080
fish,638,149,00172.jpg,1920,1080
fish,684,210,00172.jpg,1920,1080
fish,761,211,00172.jpg,1920,1080
fish,751,255,00172.jpg,1920,1080
fish,849,324,00172.jpg,1920,1080
fish,524,390,00172.jpg,1920,1080
fish,456,480,00172.jpg,1920,1080
fish,356,495,00172.jpg,1920,1080
fish,215,528,00172.jpg,1920,1080
fish,133,448,00172.jpg,1920,1080
fish,257,646,00172.jpg,1920,1080
fish,375,652,00172.jpg,1920,1080
fish,336,787,00172.jpg,1920,1080
fish,433,844,00172.jpg,1920,1080
fish,323,1065,00172.jpg,1920,1080
fish,213,1063,00172.jpg,1920,1080
fish,784,662,00172.jpg,1920,1080
fish,554,662,00172.jpg,1920,1080
fish,838,936,00172.jpg,1920,1080
fish,1038,533,00172.jpg,1920,1080
fish,1027,418,00172.jpg,1920,1080
fish,1048,334,00172.jpg,1920,1080
fish,1173,59,00172.jpg,1920,1080
fish,1304,86,00172.jpg,1920,1080
fish,1245,171,00172.jpg,1920,1080
fish,1443,61,00172.jpg,1920,1080
fish,1358,238,00172.jpg,1920,1080
fish,1338,417,00172.jpg,1920,1080
fish,1809,588,00172.jpg,1920,1080
fish,1645,743,00172.jpg,1920,1080
fish,1868,804,00172.jpg,1920,1080
fish,1608,348,00172.jpg,1920,1080
fish,1569,558,00172.jpg,1920,1080
fish,1769,247,00172.jpg,1920,1080
fish,1736,153,00172.jpg,1920,1080
fish,1859,23,00172.jpg,1920,1080
fish,1895,271,00172.jpg,1920,1080
fish,155,1049,00173.jpg,1920,1080
fish,93,945,00173.jpg,1920,1080
fish,118,851,00173.jpg,1920,1080
fish,394,602,00173.jpg,1920,1080
fish,474,627,00173.jpg,1920,1080
fish,464,414,00173.jpg,1920,1080
fish,86,382,00173.jpg,1920,1080
fish,127,296,00173.jpg,1920,1080
fish,125,102,00173.jpg,1920,1080
fish,281,185,00173.jpg,1920,1080
fish,402,75,00173.jpg,1920,1080
fish,452,109,00173.jpg,1920,1080
fish,580,147,00173.jpg,1920,1080
fish,452,246,00173.jpg,1920,1080
fish,381,343,00173.jpg,1920,1080
fish,692,202,00173.jpg,1920,1080
fish,783,135,00173.jpg,1920,1080
fish,792,76,00173.jpg,1920,1080
fish,932,160,00173.jpg,1920,1080
fish,687,334,00173.jpg,1920,1080
fish,693,658,00173.jpg,1920,1080
fish,828,647,00173.jpg,1920,1080
fish,1148,497,00173.jpg,1920,1080
fish,1142,291,00173.jpg,1920,1080
fish,1304,108,00173.jpg,1920,1080
fish,1169,95,00173.jpg,1920,1080
fish,1297,182,00173.jpg,1920,1080
fish,1338,222,00173.jpg,1920,1080
fish,1435,182,00173.jpg,1920,1080
fish,1492,241,00173.jpg,1920,1080
fish,1437,312,00173.jpg,1920,1080
fish,1358,343,00173.jpg,1920,1080
fish,1263,651,00173.jpg,1920,1080
fish,1680,913,00173.jpg,1920,1080
fish,1762,382,00173.jpg,1920,1080
fish,1689,89,00173.jpg,1920,1080
fish,1758,48,00173.jpg,1920,1080
fish,1815,34,00173.jpg,1920,1080
fish,1878,222,00173.jpg,1920,1080
fish,135,1007,00174.jpg,1920,1080
fish,171,1049,00174.jpg,1920,1080
fish,216,1063,00174.jpg,1920,1080
fish,392,1058,00174.jpg,1920,1080
fish,424,869,00174.jpg,1920,1080
fish,781,820,00174.jpg,1920,1080
fish,969,1033,00174.jpg,1920,1080
fish,971,861,00174.jpg,1920,1080
fish,1260,1068,00174.jpg,1920,1080
fish,780,575,00174.jpg,1920,1080
fish,596,465,00174.jpg,1920,1080
fish,557,351,00174.jpg,1920,1080
fish,301,340,00174.jpg,1920,1080
fish,359,189,00174.jpg,1920,1080
fish,224,232,00174.jpg,1920,1080
fish,375,73,00174.jpg,1920,1080
fish,518,42,00174.jpg,1920,1080
fish,580,131,00174.jpg,1920,1080
fish,538,191,00174.jpg,1920,1080
fish,714,182,00174.jpg,1920,1080
fish,731,287,00174.jpg,1920,1080
fish,889,249,00174.jpg,1920,1080
fish,1018,136,00174.jpg,1920,1080
fish,1048,282,00174.jpg,1920,1080
fish,1175,310,00174.jpg,1920,1080
fish,1159,136,00174.jpg,1920,1080
fish,1369,111,00174.jpg,1920,1080
fish,1603,34,00174.jpg,1920,1080
fish,1711,20,00174.jpg,1920,1080
fish,1647,116,00174.jpg,1920,1080
fish,1704,221,00174.jpg,1920,1080
fish,1826,15,00174.jpg,1920,1080
fish,1009,1033,00175.jpg,1920,1080
fish,1473,1076,00175.jpg,1920,1080
fish,1603,989,00175.jpg,1920,1080
fish,136,434,00175.jpg,1920,1080
fish,166,263,00175.jpg,1920,1080
fish,111,102,00175.jpg,1920,1080
fish,262,357,00175.jpg,1920,1080
fish,364,177,00175.jpg,1920,1080
fish,438,174,00175.jpg,1920,1080
fish,257,147,00175.jpg,1920,1080
fish,573,25,00175.jpg,1920,1080
fish,552,249,00175.jpg,1920,1080
fish,441,305,00175.jpg,1920,1080
fish,571,342,00175.jpg,1920,1080
fish,532,428,00175.jpg,1920,1080
fish,775,415,00175.jpg,1920,1080
fish,899,230,00175.jpg,1920,1080
fish,1026,160,00175.jpg,1920,1080
fish,1153,69,00175.jpg,1920,1080
fish,1274,37,00175.jpg,1920,1080
fish,1313,178,00175.jpg,1920,1080
fish,1368,204,00175.jpg,1920,1080
fish,1427,163,00175.jpg,1920,1080
fish,1416,102,00175.jpg,1920,1080
fish,1468,80,00175.jpg,1920,1080
fish,1787,229,00175.jpg,1920,1080
fish,1553,155,00175.jpg,1920,1080
fish,1762,127,00175.jpg,1920,1080
fish,1719,92,00175.jpg,1920,1080
fish,1661,42,00175.jpg,1920,1080
fish,1730,9,00175.jpg,1920,1080
fish,1694,560,00175.jpg,1920,1080
fish,1405,662,00175.jpg,1920,1080
fish,127,305,00176.jpg,1920,1080
fish,75,232,00176.jpg,1920,1080
fish,207,189,00176.jpg,1920,1080
fish,111,139,00176.jpg,1920,1080
fish,165,83,00176.jpg,1920,1080
fish,44,20,00176.jpg,1920,1080
fish,329,149,00176.jpg,1920,1080
fish,420,133,00176.jpg,1920,1080
fish,372,244,00176.jpg,1920,1080
fish,334,340,00176.jpg,1920,1080
fish,151,1051,00176.jpg,1920,1080
fish,301,1055,00176.jpg,1920,1080
fish,610,673,00176.jpg,1920,1080
fish,477,476,00176.jpg,1920,1080
fish,609,371,00176.jpg,1920,1080
fish,596,298,00176.jpg,1920,1080
fish,685,331,00176.jpg,1920,1080
fish,580,86,00176.jpg,1920,1080
fish,510,59,00176.jpg,1920,1080
fish,703,15,00176.jpg,1920,1080
fish,913,102,00176.jpg,1920,1080
fish,784,150,00176.jpg,1920,1080
fish,864,219,00176.jpg,1920,1080
fish,808,384,00176.jpg,1920,1080
fish,1075,296,00176.jpg,1920,1080
fish,1038,221,00176.jpg,1920,1080
fish,1049,142,00176.jpg,1920,1080
fish,1158,182,00176.jpg,1920,1080
fish,1208,69,00176.jpg,1920,1080
fish,1305,138,00176.jpg,1920,1080
fish,1384,108,00176.jpg,1920,1080
fish,1462,100,00176.jpg,1920,1080
fish,1330,230,00176.jpg,1920,1080
fish,1379,398,00176.jpg,1920,1080
fish,1387,800,00176.jpg,1920,1080
fish,1733,429,00176.jpg,1920,1080
fish,1804,368,00176.jpg,1920,1080
fish,1616,321,00176.jpg,1920,1080
fish,1663,216,00176.jpg,1920,1080
fish,1774,142,00176.jpg,1920,1080
fish,1904,29,00176.jpg,1920,1080
fish,1053,586,00176.jpg,1920,1080
fish,278,1054,00177.jpg,1920,1080
fish,155,1044,00177.jpg,1920,1080
fish,690,764,00177.jpg,1920,1080
fish,1203,629,00177.jpg,1920,1080
fish,1581,618,00177.jpg,1920,1080
fish,1854,464,00177.jpg,1920,1080
fish,1771,360,00177.jpg,1920,1080
fish,1804,33,00177.jpg,1920,1080
fish,1614,277,00177.jpg,1920,1080
fish,1520,199,00177.jpg,1920,1080
fish,1493,153,00177.jpg,1920,1080
fish,1539,136,00177.jpg,1920,1080
fish,1175,271,00177.jpg,1920,1080
fish,1153,152,00177.jpg,1920,1080
fish,1247,48,00177.jpg,1920,1080
fish,1300,412,00177.jpg,1920,1080
fish,955,462,00177.jpg,1920,1080
fish,1026,116,00177.jpg,1920,1080
fish,896,130,00177.jpg,1920,1080
fish,831,323,00177.jpg,1920,1080
fish,748,164,00177.jpg,1920,1080
fish,667,108,00177.jpg,1920,1080
fish,711,61,00177.jpg,1920,1080
fish,626,194,00177.jpg,1920,1080
fish,555,269,00177.jpg,1920,1080
fish,568,340,00177.jpg,1920,1080
fish,546,417,00177.jpg,1920,1080
fish,424,398,00177.jpg,1920,1080
fish,460,310,00177.jpg,1920,1080
fish,348,348,00177.jpg,1920,1080
fish,254,233,00177.jpg,1920,1080
fish,267,109,00177.jpg,1920,1080
fish,33,80,00177.jpg,1920,1080
fish,66,174,00177.jpg,1920,1080
fish,151,1063,00178.jpg,1920,1080
fish,273,1071,00178.jpg,1920,1080
fish,100,354,00178.jpg,1920,1080
fish,215,313,00178.jpg,1920,1080
fish,326,318,00178.jpg,1920,1080
fish,307,200,00178.jpg,1920,1080
fish,210,103,00178.jpg,1920,1080
fish,329,22,00178.jpg,1920,1080
fish,45,51,00178.jpg,1920,1080
fish,596,337,00178.jpg,1920,1080
fish,485,302,00178.jpg,1920,1080
fish,442,293,00178.jpg,1920,1080
fish,585,241,00178.jpg,1920,1080
fish,616,186,00178.jpg,1920,1080
fish,615,86,00178.jpg,1920,1080
fish,875,56,00178.jpg,1920,1080
fish,816,349,00178.jpg,1920,1080
fish,910,354,00178.jpg,1920,1080
fish,991,236,00178.jpg,1920,1080
fish,1071,136,00178.jpg,1920,1080
fish,1187,200,00178.jpg,1920,1080
fish,1197,389,00178.jpg,1920,1080
fish,1300,69,00178.jpg,1920,1080
fish,1490,15,00178.jpg,1920,1080
fish,1780,39,00178.jpg,1920,1080
fish,1683,95,00178.jpg,1920,1080
fish,1340,14,00178.jpg,1920,1080
fish,1525,172,00178.jpg,1920,1080
fish,1901,56,00178.jpg,1920,1080
fish,1738,470,00178.jpg,1920,1080
fish,1856,1005,00178.jpg,1920,1080
fish,304,1038,00179.jpg,1920,1080
fish,146,1036,00179.jpg,1920,1080
fish,185,447,00179.jpg,1920,1080
fish,104,202,00179.jpg,1920,1080
fish,179,216,00179.jpg,1920,1080
fish,16,229,00179.jpg,1920,1080
fish,289,155,00179.jpg,1920,1080
fish,395,230,00179.jpg,1920,1080
fish,402,299,00179.jpg,1920,1080
fish,452,312,00179.jpg,1920,1080
fish,513,219,00179.jpg,1920,1080
fish,525,183,00179.jpg,1920,1080
fish,571,252,00179.jpg,1920,1080
fish,695,255,00179.jpg,1920,1080
fish,582,360,00179.jpg,1920,1080
fish,682,376,00179.jpg,1920,1080
fish,607,473,00179.jpg,1920,1080
fish,717,469,00179.jpg,1920,1080
fish,767,315,00179.jpg,1920,1080
fish,729,183,00179.jpg,1920,1080
fish,798,139,00179.jpg,1920,1080
fish,739,75,00179.jpg,1920,1080
fish,921,207,00179.jpg,1920,1080
fish,915,354,00179.jpg,1920,1080
fish,1084,70,00179.jpg,1920,1080
fish,1129,144,00179.jpg,1920,1080
fish,1219,100,00179.jpg,1920,1080
fish,1075,316,00179.jpg,1920,1080
fish,1020,346,00179.jpg,1920,1080
fish,1139,390,00179.jpg,1920,1080
fish,1111,464,00179.jpg,1920,1080
fish,1261,241,00179.jpg,1920,1080
fish,1305,17,00179.jpg,1920,1080
fish,1611,103,00179.jpg,1920,1080
fish,1625,160,00179.jpg,1920,1080
fish,1708,37,00179.jpg,1920,1080
fish,1862,18,00179.jpg,1920,1080
fish,1751,194,00179.jpg,1920,1080
fish,1791,262,00179.jpg,1920,1080
fish,1715,309,00179.jpg,1920,1080
fish,1774,367,00179.jpg,1920,1080
fish,88,986,00180.jpg,1920,1080
fish,160,1049,00180.jpg,1920,1080
fish,323,1060,00180.jpg,1920,1080
fish,383,1060,00180.jpg,1920,1080
fish,671,727,00180.jpg,1920,1080
fish,797,1062,00180.jpg,1920,1080
fish,1020,481,00180.jpg,1920,1080
fish,872,484,00180.jpg,1920,1080
fish,20,304,00180.jpg,1920,1080
fish,147,199,00180.jpg,1920,1080
fish,41,131,00180.jpg,1920,1080
fish,179,73,00180.jpg,1920,1080
fish,337,91,00180.jpg,1920,1080
fish,320,219,00180.jpg,1920,1080
fish,356,252,00180.jpg,1920,1080
fish,442,257,00180.jpg,1920,1080
fish,607,218,00180.jpg,1920,1080
fish,547,305,00180.jpg,1920,1080
fish,711,313,00180.jpg,1920,1080
fish,624,367,00180.jpg,1920,1080
fish,715,155,00180.jpg,1920,1080
fish,835,204,00180.jpg,1920,1080
fish,695,353,00180.jpg,1920,1080
fish,965,367,00180.jpg,1920,1080
fish,1159,240,00180.jpg,1920,1080
fish,1095,144,00180.jpg,1920,1080
fish,1225,144,00180.jpg,1920,1080
fish,1238,59,00180.jpg,1920,1080
fish,1548,75,00180.jpg,1920,1080
fish,1575,155,00180.jpg,1920,1080
fish,1721,59,00180.jpg,1920,1080
fish,1878,125,00180.jpg,1920,1080
fish,1782,298,00180.jpg,1920,1080
fish,1879,483,00180.jpg,1920,1080
fish,1481,654,00180.jpg,1920,1080
fish,369,1055,00181.jpg,1920,1080
fish,146,1043,00181.jpg,1920,1080
fish,105,975,00181.jpg,1920,1080
fish,301,574,00181.jpg,1920,1080
fish,584,470,00181.jpg,1920,1080
fish,245,349,00181.jpg,1920,1080
fish,285,323,00181.jpg,1920,1080
fish,300,285,00181.jpg,1920,1080
fish,31,218,00181.jpg,1920,1080
fish,39,153,00181.jpg,1920,1080
fish,33,17,00181.jpg,1920,1080
fish,326,80,00181.jpg,1920,1080
fish,504,150,00181.jpg,1920,1080
fish,416,293,00181.jpg,1920,1080
fish,521,298,00181.jpg,1920,1080
fish,842,200,00181.jpg,1920,1080
fish,700,122,00181.jpg,1920,1080
fish,811,65,00181.jpg,1920,1080
fish,679,337,00181.jpg,1920,1080
fish,943,296,00181.jpg,1920,1080
fish,894,290,00181.jpg,1920,1080
fish,995,169,00181.jpg,1920,1080
fish,991,105,00181.jpg,1920,1080
fish,772,153,00181.jpg,1920,1080
fish,1250,15,00181.jpg,1920,1080
fish,1241,155,00181.jpg,1920,1080
fish,1333,354,00181.jpg,1920,1080
fish,1170,487,00181.jpg,1920,1080
fish,1070,520,00181.jpg,1920,1080
fish,1423,225,00181.jpg,1920,1080
fish,1464,302,00181.jpg,1920,1080
fish,1526,156,00181.jpg,1920,1080
fish,1230,205,00181.jpg,1920,1080
fish,1569,26,00181.jpg,1920,1080
fish,1686,58,00181.jpg,1920,1080
fish,1650,150,00181.jpg,1920,1080
fish,1867,44,00181.jpg,1920,1080
fish,1774,219,00181.jpg,1920,1080
fish,1512,734,00181.jpg,1920,1080
fish,1104,618,00181.jpg,1920,1080
fish,504,872,00182.jpg,1920,1080
fish,94,916,00182.jpg,1920,1080
fish,461,762,00182.jpg,1920,1080
fish,505,600,00182.jpg,1920,1080
fish,565,455,00182.jpg,1920,1080
fish,293,362,00182.jpg,1920,1080
fish,260,263,00182.jpg,1920,1080
fish,45,384,00182.jpg,1920,1080
fish,53,160,00182.jpg,1920,1080
fish,265,89,00182.jpg,1920,1080
fish,422,109,00182.jpg,1920,1080
fish,717,48,00182.jpg,1920,1080
fish,835,109,00182.jpg,1920,1080
fish,893,161,00182.jpg,1920,1080
fish,864,291,00182.jpg,1920,1080
fish,626,298,00182.jpg,1920,1080
fish,925,400,00182.jpg,1920,1080
fish,1034,556,00182.jpg,1920,1080
fish,1038,1033,00182.jpg,1920,1080
fish,656,701,00182.jpg,1920,1080
fish,1319,500,00182.jpg,1920,1080
fish,1404,453,00182.jpg,1920,1080
fish,1332,362,00182.jpg,1920,1080
fish,1473,760,00182.jpg,1920,1080
fish,1413,265,00182.jpg,1920,1080
fish,1126,288,00182.jpg,1920,1080
fish,1184,196,00182.jpg,1920,1080
fish,1302,136,00182.jpg,1920,1080
fish,1396,100,00182.jpg,1920,1080
fish,1567,116,00182.jpg,1920,1080
fish,1401,174,00182.jpg,1920,1080
fish,1721,76,00182.jpg,1920,1080
fish,1810,194,00182.jpg,1920,1080
fish,1911,116,00182.jpg,1920,1080
fish,1904,331,00182.jpg,1920,1080
fish,1813,293,00182.jpg,1920,1080
fish,1625,542,00182.jpg,1920,1080
fish,1122,635,00182.jpg,1920,1080
fish,55,453,00183.jpg,1920,1080
fish,105,169,00183.jpg,1920,1080
fish,198,73,00183.jpg,1920,1080
fish,31,39,00183.jpg,1920,1080
fish,61,960,00183.jpg,1920,1080
fish,273,1002,00183.jpg,1920,1080
fish,525,1065,00183.jpg,1920,1080
fish,411,713,00183.jpg,1920,1080
fish,500,545,00183.jpg,1920,1080
fish,494,149,00183.jpg,1920,1080
fish,359,108,00183.jpg,1920,1080
fish,402,91,00183.jpg,1920,1080
fish,582,73,00183.jpg,1920,1080
fish,320,241,00183.jpg,1920,1080
fish,640,160,00183.jpg,1920,1080
fish,703,149,00183.jpg,1920,1080
fish,803,117,00183.jpg,1920,1080
fish,701,254,00183.jpg,1920,1080
fish,820,382,00183.jpg,1920,1080
fish,1007,315,00183.jpg,1920,1080
fish,971,193,00183.jpg,1920,1080
fish,973,150,00183.jpg,1920,1080
fish,1114,177,00183.jpg,1920,1080
fish,1115,122,00183.jpg,1920,1080
fish,1200,145,00183.jpg,1920,1080
fish,1189,51,00183.jpg,1920,1080
fish,1299,80,00183.jpg,1920,1080
fish,1315,166,00183.jpg,1920,1080
fish,1362,125,00183.jpg,1920,1080
fish,1197,241,00183.jpg,1920,1080
fish,1316,268,00183.jpg,1920,1080
fish,1075,514,00183.jpg,1920,1080
fish,932,906,00183.jpg,1920,1080
fish,1904,500,00183.jpg,1920,1080
fish,1518,384,00183.jpg,1920,1080
fish,1617,254,00183.jpg,1920,1080
fish,1465,163,00183.jpg,1920,1080
fish,1509,44,00183.jpg,1920,1080
fish,1594,33,00183.jpg,1920,1080
fish,1655,106,00183.jpg,1920,1080
fish,1647,11,00183.jpg,1920,1080
fish,1774,51,00183.jpg,1920,1080
fish,1766,83,00183.jpg,1920,1080
fish,248,1043,00184.jpg,1920,1080
fish,75,1062,00184.jpg,1920,1080
fish,441,944,00184.jpg,1920,1080
fish,488,589,00184.jpg,1920,1080
fish,224,364,00184.jpg,1920,1080
fish,74,191,00184.jpg,1920,1080
fish,30,34,00184.jpg,1920,1080
fish,452,86,00184.jpg,1920,1080
fish,524,127,00184.jpg,1920,1080
fish,402,208,00184.jpg,1920,1080
fish,304,288,00184.jpg,1920,1080
fish,662,215,00184.jpg,1920,1080
fish,731,128,00184.jpg,1920,1080
fish,684,92,00184.jpg,1920,1080
fish,610,34,00184.jpg,1920,1080
fish,1087,103,00184.jpg,1920,1080
fish,805,87,00184.jpg,1920,1080
fish,957,202,00184.jpg,1920,1080
fish,924,247,00184.jpg,1920,1080
fish,955,288,00184.jpg,1920,1080
fish,866,326,00184.jpg,1920,1080
fish,913,487,00184.jpg,1920,1080
fish,714,702,00184.jpg,1920,1080
fish,908,991,00184.jpg,1920,1080
fish,1333,974,00184.jpg,1920,1080
fish,1423,855,00184.jpg,1920,1080
fish,1176,509,00184.jpg,1920,1080
fish,1286,247,00184.jpg,1920,1080
fish,1206,200,00184.jpg,1920,1080
fish,1390,185,00184.jpg,1920,1080
fish,1388,102,00184.jpg,1920,1080
fish,1327,73,00184.jpg,1920,1080
fish,1561,103,00184.jpg,1920,1080
fish,1727,29,00184.jpg,1920,1080
fish,245,1051,00185.jpg,1920,1080
fish,696,1060,00185.jpg,1920,1080
fish,471,594,00185.jpg,1920,1080
fish,720,698,00185.jpg,1920,1080
fish,856,542,00185.jpg,1920,1080
fish,1465,919,00185.jpg,1920,1080
fish,1548,742,00185.jpg,1920,1080
fish,1129,616,00185.jpg,1920,1080
fish,845,456,00185.jpg,1920,1080
fish,728,445,00185.jpg,1920,1080
fish,726,326,00185.jpg,1920,1080
fish,555,247,00185.jpg,1920,1080
fish,627,235,00185.jpg,1920,1080
fish,524,124,00185.jpg,1920,1080
fish,525,58,00185.jpg,1920,1080
fish,458,155,00185.jpg,1920,1080
fish,422,108,00185.jpg,1920,1080
fish,384,149,00185.jpg,1920,1080
fish,312,323,00185.jpg,1920,1080
fish,201,266,00185.jpg,1920,1080
fish,191,185,00185.jpg,1920,1080
fish,235,95,00185.jpg,1920,1080
fish,158,62,00185.jpg,1920,1080
fish,41,141,00185.jpg,1920,1080
fish,60,284,00185.jpg,1920,1080
fish,877,293,00185.jpg,1920,1080
fish,838,235,00185.jpg,1920,1080
fish,952,299,00185.jpg,1920,1080
fish,998,175,00185.jpg,1920,1080
fish,897,125,00185.jpg,1920,1080
fish,831,59,00185.jpg,1920,1080
fish,1125,133,00185.jpg,1920,1080
fish,1087,193,00185.jpg,1920,1080
fish,1180,156,00185.jpg,1920,1080
fish,1181,225,00185.jpg,1920,1080
fish,1358,135,00185.jpg,1920,1080
fish,1282,232,00185.jpg,1920,1080
fish,1319,119,00185.jpg,1920,1080
fish,1402,87,00185.jpg,1920,1080
fish,1432,295,00185.jpg,1920,1080
fish,1570,183,00185.jpg,1920,1080
fish,1633,84,00185.jpg,1920,1080
fish,1733,144,00185.jpg,1920,1080
fish,1693,205,00185.jpg,1920,1080
fish,1881,177,00185.jpg,1920,1080
fish,259,1044,00186.jpg,1920,1080
fish,653,1074,00186.jpg,1920,1080
fish,1608,869,00186.jpg,1920,1080
fish,455,597,00186.jpg,1920,1080
fish,690,500,00186.jpg,1920,1080
fish,610,338,00186.jpg,1920,1080
fish,460,230,00186.jpg,1920,1080
fish,312,122,00186.jpg,1920,1080
fish,195,213,00186.jpg,1920,1080
fish,50,185,00186.jpg,1920,1080
fish,39,28,00186.jpg,1920,1080
fish,638,153,00186.jpg,1920,1080
fish,692,70,00186.jpg,1920,1080
fish,626,58,00186.jpg,1920,1080
fish,525,51,00186.jpg,1920,1080
fish,544,193,00186.jpg,1920,1080
fish,623,301,00186.jpg,1920,1080
fish,718,288,00186.jpg,1920,1080
fish,748,241,00186.jpg,1920,1080
fish,780,197,00186.jpg,1920,1080
fish,845,227,00186.jpg,1920,1080
fish,907,166,00186.jpg,1920,1080
fish,919,316,00186.jpg,1920,1080
fish,1035,81,00186.jpg,1920,1080
fish,999,196,00186.jpg,1920,1080
fish,1120,229,00186.jpg,1920,1080
fish,1087,269,00186.jpg,1920,1080
fish,1197,171,00186.jpg,1920,1080
fish,1161,156,00186.jpg,1920,1080
fish,1224,34,00186.jpg,1920,1080
fish,1283,163,00186.jpg,1920,1080
fish,1424,236,00186.jpg,1920,1080
fish,1485,84,00186.jpg,1920,1080
fish,1567,119,00186.jpg,1920,1080
fish,1697,98,00186.jpg,1920,1080
fish,1606,210,00186.jpg,1920,1080
fish,1565,312,00186.jpg,1920,1080
fish,1870,221,00186.jpg,1920,1080
fish,1842,45,00186.jpg,1920,1080
fish,1194,619,00186.jpg,1920,1080
fish,187,1030,00187.jpg,1920,1080
fish,77,1008,00187.jpg,1920,1080
fish,767,1055,00187.jpg,1920,1080
fish,681,593,00187.jpg,1920,1080
fish,295,658,00187.jpg,1920,1080
fish,188,393,00187.jpg,1920,1080
fish,193,235,00187.jpg,1920,1080
fish,171,113,00187.jpg,1920,1080
fish,27,83,00187.jpg,1920,1080
fish,381,98,00187.jpg,1920,1080
fish,347,268,00187.jpg,1920,1080
fish,485,75,00187.jpg,1920,1080
fish,521,287,00187.jpg,1920,1080
fish,638,169,00187.jpg,1920,1080
fish,667,265,00187.jpg,1920,1080
fish,612,29,00187.jpg,1920,1080
fish,769,109,00187.jpg,1920,1080
fish,872,95,00187.jpg,1920,1080
fish,946,219,00187.jpg,1920,1080
fish,977,334,00187.jpg,1920,1080
fish,1107,122,00187.jpg,1920,1080
fish,1134,47,00187.jpg,1920,1080
fish,1277,83,00187.jpg,1920,1080
fish,1241,160,00187.jpg,1920,1080
fish,1358,193,00187.jpg,1920,1080
fish,1247,343,00187.jpg,1920,1080
fish,1520,669,00187.jpg,1920,1080
fish,1540,713,00187.jpg,1920,1080
fish,1644,721,00187.jpg,1920,1080
fish,1493,185,00187.jpg,1920,1080
fish,1515,138,00187.jpg,1920,1080
fish,1584,174,00187.jpg,1920,1080
fish,1625,84,00187.jpg,1920,1080
fish,1622,23,00187.jpg,1920,1080
fish,1537,23,00187.jpg,1920,1080
fish,1715,47,00187.jpg,1920,1080
fish,1747,125,00187.jpg,1920,1080
fish,1715,155,00187.jpg,1920,1080
fish,1826,156,00187.jpg,1920,1080
fish,1838,246,00187.jpg,1920,1080
fish,409,1057,00188.jpg,1920,1080
fish,309,1066,00188.jpg,1920,1080
fish,180,1052,00188.jpg,1920,1080
fish,99,346,00188.jpg,1920,1080
fish,22,354,00188.jpg,1920,1080
fish,39,232,00188.jpg,1920,1080
fish,147,78,00188.jpg,1920,1080
fish,323,36,00188.jpg,1920,1080
fish,296,150,00188.jpg,1920,1080
fish,256,208,00188.jpg,1920,1080
fish,358,183,00188.jpg,1920,1080
fish,467,80,00188.jpg,1920,1080
fish,461,177,00188.jpg,1920,1080
fish,563,255,00188.jpg,1920,1080
fish,569,304,00188.jpg,1920,1080
fish,562,345,00188.jpg,1920,1080
fish,500,354,00188.jpg,1920,1080
fish,466,462,00188.jpg,1920,1080
fish,698,489,00188.jpg,1920,1080
fish,933,196,00188.jpg,1920,1080
fish,910,236,00188.jpg,1920,1080
fish,745,147,00188.jpg,1920,1080
fish,610,28,00188.jpg,1920,1080
fish,896,348,00188.jpg,1920,1080
fish,1228,373,00188.jpg,1920,1080
fish,1173,406,00188.jpg,1920,1080
fish,1100,596,00188.jpg,1920,1080
fish,1169,153,00188.jpg,1920,1080
fish,1128,72,00188.jpg,1920,1080
fish,918,18,00188.jpg,1920,1080
fish,1269,98,00188.jpg,1920,1080
fish,1351,169,00188.jpg,1920,1080
fish,1316,213,00188.jpg,1920,1080
fish,1275,290,00188.jpg,1920,1080
fish,1457,84,00188.jpg,1920,1080
fish,1551,72,00188.jpg,1920,1080
fish,1544,164,00188.jpg,1920,1080
fish,1743,166,00188.jpg,1920,1080
fish,1738,197,00188.jpg,1920,1080
fish,1780,119,00188.jpg,1920,1080
fish,1671,191,00188.jpg,1920,1080
fish,1842,120,00188.jpg,1920,1080
fish,1879,31,00188.jpg,1920,1080
fish,1885,357,00188.jpg,1920,1080
fish,268,1057,00189.jpg,1920,1080
fish,190,1025,00189.jpg,1920,1080
fish,165,982,00189.jpg,1920,1080
fish,417,1049,00189.jpg,1920,1080
fish,838,1025,00189.jpg,1920,1080
fish,977,593,00189.jpg,1920,1080
fish,645,572,00189.jpg,1920,1080
fish,773,498,00189.jpg,1920,1080
fish,849,478,00189.jpg,1920,1080
fish,853,422,00189.jpg,1920,1080
fish,1040,455,00189.jpg,1920,1080
fish,1120,390,00189.jpg,1920,1080
fish,1335,480,00189.jpg,1920,1080
fish,1454,373,00189.jpg,1920,1080
fish,1170,1058,00189.jpg,1920,1080
fish,1440,310,00189.jpg,1920,1080
fish,1329,219,00189.jpg,1920,1080
fish,1479,171,00189.jpg,1920,1080
fish,1609,189,00189.jpg,1920,1080
fish,1630,95,00189.jpg,1920,1080
fish,1602,58,00189.jpg,1920,1080
fish,1318,69,00189.jpg,1920,1080
fish,1107,98,00189.jpg,1920,1080
fish,1197,196,00189.jpg,1920,1080
fish,795,207,00189.jpg,1920,1080
fish,670,305,00189.jpg,1920,1080
fish,673,354,00189.jpg,1920,1080
fish,442,360,00189.jpg,1920,1080
fish,485,329,00189.jpg,1920,1080
fish,287,296,00189.jpg,1920,1080
fish,16,351,00189.jpg,1920,1080
fish,216,194,00189.jpg,1920,1080
fish,122,156,00189.jpg,1920,1080
fish,185,125,00189.jpg,1920,1080
fish,253,91,00189.jpg,1920,1080
fish,351,145,00189.jpg,1920,1080
fish,508,102,00189.jpg,1920,1080
fish,467,156,00189.jpg,1920,1080
fish,693,61,00189.jpg,1920,1080
fish,300,1013,00190.jpg,1920,1080
fish,355,1073,00190.jpg,1920,1080
fish,394,886,00190.jpg,1920,1080
fish,16,964,00190.jpg,1920,1080
fish,17,807,00190.jpg,1920,1080
fish,359,660,00190.jpg,1920,1080
fish,394,436,00190.jpg,1920,1080
fish,13,453,00190.jpg,1920,1080
fish,41,232,00190.jpg,1920,1080
fish,110,183,00190.jpg,1920,1080
fish,216,188,00190.jpg,1920,1080
fish,402,136,00190.jpg,1920,1080
fish,381,50,00190.jpg,1920,1080
fish,518,178,00190.jpg,1920,1080
fish,540,301,00190.jpg,1920,1080
fish,480,367,00190.jpg,1920,1080
fish,442,327,00190.jpg,1920,1080
fish,554,171,00190.jpg,1920,1080
fish,249,331,00190.jpg,1920,1080
fish,662,188,00190.jpg,1920,1080
fish,773,335,00190.jpg,1920,1080
fish,538,624,00190.jpg,1920,1080
fish,794,221,00190.jpg,1920,1080
fish,951,197,00190.jpg,1920,1080
fish,969,161,00190.jpg,1920,1080
fish,1005,142,00190.jpg,1920,1080
fish,1060,97,00190.jpg,1920,1080
fish,1081,20,00190.jpg,1920,1080
fish,1176,128,00190.jpg,1920,1080
fish,1264,120,00190.jpg,1920,1080
fish,1235,188,00190.jpg,1920,1080
fish,1191,236,00190.jpg,1920,1080
fish,1360,204,00190.jpg,1920,1080
fish,1187,360,00190.jpg,1920,1080
fish,922,354,00190.jpg,1920,1080
fish,1562,716,00190.jpg,1920,1080
fish,1475,340,00190.jpg,1920,1080
fish,1437,266,00190.jpg,1920,1080
fish,1575,258,00190.jpg,1920,1080
fish,1424,65,00190.jpg,1920,1080
fish,1385,20,00190.jpg,1920,1080
fish,1661,28,00190.jpg,1920,1080
fish,1693,78,00190.jpg,1920,1080
fish,1785,141,00190.jpg,1920,1080
fish,1779,287,00190.jpg,1920,1080
fish,72,974,00191.jpg,1920,1080
fish,30,1052,00191.jpg,1920,1080
fish,383,1071,00191.jpg,1920,1080
fish,960,1065,00191.jpg,1920,1080
fish,751,718,00191.jpg,1920,1080
fish,729,522,00191.jpg,1920,1080
fish,706,453,00191.jpg,1920,1080
fish,816,415,00191.jpg,1920,1080
fish,755,324,00191.jpg,1920,1080
fish,1269,280,00191.jpg,1920,1080
fish,557,111,00191.jpg,1920,1080
fish,513,11,00191.jpg,1920,1080
fish,33,263,00191.jpg,1920,1080
fish,35,309,00191.jpg,1920,1080
fish,243,269,00191.jpg,1920,1080
fish,267,216,00191.jpg,1920,1080
fish,334,321,00191.jpg,1920,1080
fish,218,362,00191.jpg,1920,1080
fish,452,313,00191.jpg,1920,1080
fish,878,65,00191.jpg,1920,1080
fish,860,221,00191.jpg,1920,1080
fish,1145,111,00191.jpg,1920,1080
fish,1015,458,00191.jpg,1920,1080
fish,1338,426,00191.jpg,1920,1080
fish,1780,464,00191.jpg,1920,1080
fish,1525,687,00191.jpg,1920,1080
fish,1798,282,00191.jpg,1920,1080
fish,1879,185,00191.jpg,1920,1080
fish,1766,119,00191.jpg,1920,1080
fish,1624,59,00191.jpg,1920,1080
fish,364,1066,00192.jpg,1920,1080
fish,304,1004,00192.jpg,1920,1080
fish,141,902,00192.jpg,1920,1080
fish,77,989,00192.jpg,1920,1080
fish,642,447,00192.jpg,1920,1080
fish,282,204,00192.jpg,1920,1080
fish,195,136,00192.jpg,1920,1080
fish,190,61,00192.jpg,1920,1080
fish,14,236,00192.jpg,1920,1080
fish,218,268,00192.jpg,1920,1080
fish,395,72,00192.jpg,1920,1080
fish,590,61,00192.jpg,1920,1080
fish,714,51,00192.jpg,1920,1080
fish,835,72,00192.jpg,1920,1080
fish,835,166,00192.jpg,1920,1080
fish,701,276,00192.jpg,1920,1080
fish,609,360,00192.jpg,1920,1080
fish,489,331,00192.jpg,1920,1080
fish,439,318,00192.jpg,1920,1080
fish,813,423,00192.jpg,1920,1080
fish,863,221,00192.jpg,1920,1080
fish,1051,171,00192.jpg,1920,1080
fish,1026,39,00192.jpg,1920,1080
fish,951,353,00192.jpg,1920,1080
fish,1219,362,00192.jpg,1920,1080
fish,1318,475,00192.jpg,1920,1080
fish,1211,897,00192.jpg,1920,1080
fish,1597,869,00192.jpg,1920,1080
fish,1818,489,00192.jpg,1920,1080
fish,1506,247,00192.jpg,1920,1080
fish,1410,149,00192.jpg,1920,1080
fish,1366,229,00192.jpg,1920,1080
fish,1271,178,00192.jpg,1920,1080
fish,1528,78,00192.jpg,1920,1080
fish,1694,50,00192.jpg,1920,1080
fish,298,1063,00193.jpg,1920,1080
fish,1013,1032,00193.jpg,1920,1080
fish,24,233,00193.jpg,1920,1080
fish,284,254,00193.jpg,1920,1080
fish,202,65,00193.jpg,1920,1080
fish,433,299,00193.jpg,1920,1080
fish,413,152,00193.jpg,1920,1080
fish,544,102,00193.jpg,1920,1080
fish,511,305,00193.jpg,1920,1080
fish,460,367,00193.jpg,1920,1080
fish,489,403,00193.jpg,1920,1080
fish,596,337,00193.jpg,1920,1080
fish,643,241,00193.jpg,1920,1080
fish,751,236,00193.jpg,1920,1080
fish,720,403,00193.jpg,1920,1080
fish,841,520,00193.jpg,1920,1080
fish,781,726,00193.jpg,1920,1080
fish,861,343,00193.jpg,1920,1080
fish,888,382,00193.jpg,1920,1080
fish,1018,343,00193.jpg,1920,1080
fish,932,249,00193.jpg,1920,1080
fish,806,147,00193.jpg,1920,1080
fish,861,29,00193.jpg,1920,1080
fish,1026,188,00193.jpg,1920,1080
fish,1195,42,00193.jpg,1920,1080
fish,1250,174,00193.jpg,1920,1080
fish,1253,307,00193.jpg,1920,1080
fish,1398,400,00193.jpg,1920,1080
fish,1393,525,00193.jpg,1920,1080
fish,1540,332,00193.jpg,1920,1080
fish,1465,280,00193.jpg,1920,1080
fish,1515,149,00193.jpg,1920,1080
fish,1531,102,00193.jpg,1920,1080
fish,1589,53,00193.jpg,1920,1080
fish,1671,108,00193.jpg,1920,1080
fish,1751,124,00193.jpg,1920,1080
fish,1826,65,00193.jpg,1920,1080
fish,1696,204,00193.jpg,1920,1080
fish,1255,604,00193.jpg,1920,1080
fish,306,1057,00194.jpg,1920,1080
fish,38,988,00194.jpg,1920,1080
fish,132,616,00194.jpg,1920,1080
fish,50,367,00194.jpg,1920,1080
fish,39,215,00194.jpg,1920,1080
fish,28,158,00194.jpg,1920,1080
fish,50,26,00194.jpg,1920,1080
fish,474,75,00194.jpg,1920,1080
fish,392,73,00194.jpg,1920,1080
fish,365,120,00194.jpg,1920,1080
fish,599,75,00194.jpg,1920,1080
fish,612,197,00194.jpg,1920,1080
fish,397,243,00194.jpg,1920,1080
fish,389,313,00194.jpg,1920,1080
fish,511,343,00194.jpg,1920,1080
fish,596,285,00194.jpg,1920,1080
fish,701,251,00194.jpg,1920,1080
fish,662,378,00194.jpg,1920,1080
fish,709,346,00194.jpg,1920,1080
fish,671,542,00194.jpg,1920,1080
fish,794,596,00194.jpg,1920,1080
fish,875,360,00194.jpg,1920,1080
fish,988,586,00194.jpg,1920,1080
fish,1144,327,00194.jpg,1920,1080
fish,1165,180,00194.jpg,1920,1080
fish,1264,392,00194.jpg,1920,1080
fish,1489,56,00194.jpg,1920,1080
fish,1689,31,00194.jpg,1920,1080
fish,1644,164,00194.jpg,1920,1080
fish,1818,95,00194.jpg,1920,1080
fish,1903,40,00194.jpg,1920,1080
fish,458,649,00195.jpg,1920,1080
fish,355,566,00195.jpg,1920,1080
fish,378,301,00195.jpg,1920,1080
fish,569,464,00195.jpg,1920,1080
fish,260,122,00195.jpg,1920,1080
fish,381,28,00195.jpg,1920,1080
fish,121,696,00195.jpg,1920,1080
fish,133,756,00195.jpg,1920,1080
fish,27,999,00195.jpg,1920,1080
fish,105,1047,00195.jpg,1920,1080
fish,292,1066,00195.jpg,1920,1080
fish,718,412,00195.jpg,1920,1080
fish,595,274,00195.jpg,1920,1080
fish,745,247,00195.jpg,1920,1080
fish,715,803,00195.jpg,1920,1080
fish,946,891,00195.jpg,1920,1080
fish,894,696,00195.jpg,1920,1080
fish,1048,418,00195.jpg,1920,1080
fish,935,263,00195.jpg,1920,1080
fish,941,177,00195.jpg,1920,1080
fish,1090,34,00195.jpg,1920,1080
fish,1114,111,00195.jpg,1920,1080
fish,1128,186,00195.jpg,1920,1080
fish,1242,84,00195.jpg,1920,1080
fish,1267,183,00195.jpg,1920,1080
fish,1170,188,00195.jpg,1920,1080
fish,1332,111,00195.jpg,1920,1080
fish,1416,153,00195.jpg,1920,1080
fish,1355,337,00195.jpg,1920,1080
fish,1769,252,00195.jpg,1920,1080
fish,1892,183,00195.jpg,1920,1080
fish,1785,125,00195.jpg,1920,1080
fish,1694,122,00195.jpg,1920,1080
fish,1699,44,00195.jpg,1920,1080
fish,1853,64,00195.jpg,1920,1080
fish,1498,76,00195.jpg,1920,1080
fish,1440,20,00195.jpg,1920,1080
fish,582,944,00196.jpg,1920,1080
fish,144,1052,00196.jpg,1920,1080
fish,28,997,00196.jpg,1920,1080
fish,124,580,00196.jpg,1920,1080
fish,19,578,00196.jpg,1920,1080
fish,141,240,00196.jpg,1920,1080
fish,151,89,00196.jpg,1920,1080
fish,351,127,00196.jpg,1920,1080
fish,482,105,00196.jpg,1920,1080
fish,626,114,00196.jpg,1920,1080
fish,353,544,00196.jpg,1920,1080
fish,403,385,00196.jpg,1920,1080
fish,356,378,00196.jpg,1920,1080
fish,499,316,00196.jpg,1920,1080
fish,709,28,00196.jpg,1920,1080
fish,805,152,00196.jpg,1920,1080
fish,627,360,00196.jpg,1920,1080
fish,731,418,00196.jpg,1920,1080
fish,827,444,00196.jpg,1920,1080
fish,927,232,00196.jpg,1920,1080
fish,871,188,00196.jpg,1920,1080
fish,1073,97,00196.jpg,1920,1080
fish,1026,274,00196.jpg,1920,1080
fish,1084,346,00196.jpg,1920,1080
fish,1288,221,00196.jpg,1920,1080
fish,1445,128,00196.jpg,1920,1080
fish,1318,367,00196.jpg,1920,1080
fish,1162,644,00196.jpg,1920,1080
fish,1697,422,00196.jpg,1920,1080
fish,1688,213,00196.jpg,1920,1080
fish,1762,150,00196.jpg,1920,1080
fish,1732,76,00196.jpg,1920,1080
fish,1688,51,00196.jpg,1920,1080
fish,1795,45,00196.jpg,1920,1080
fish,342,1047,00197.jpg,1920,1080
fish,196,1058,00197.jpg,1920,1080
fish,25,1000,00197.jpg,1920,1080
fish,555,886,00197.jpg,1920,1080
fish,303,480,00197.jpg,1920,1080
fish,359,407,00197.jpg,1920,1080
fish,378,353,00197.jpg,1920,1080
fish,452,396,00197.jpg,1920,1080
fish,147,436,00197.jpg,1920,1080
fish,30,145,00197.jpg,1920,1080
fish,609,73,00197.jpg,1920,1080
fish,566,131,00197.jpg,1920,1080
fish,460,230,00197.jpg,1920,1080
fish,648,378,00197.jpg,1920,1080
fish,756,290,00197.jpg,1920,1080
fish,803,249,00197.jpg,1920,1080
fish,822,163,00197.jpg,1920,1080
fish,784,425,00197.jpg,1920,1080
fish,742,387,00197.jpg,1920,1080
fish,955,491,00197.jpg,1920,1080
fish,842,528,00197.jpg,1920,1080
fish,1010,172,00197.jpg,1920,1080
fish,1139,255,00197.jpg,1920,1080
fish,1111,351,00197.jpg,1920,1080
fish,1064,417,00197.jpg,1920,1080
fish,1214,45,00197.jpg,1920,1080
fish,1398,280,00197.jpg,1920,1080
fish,1365,208,00197.jpg,1920,1080
fish,1332,189,00197.jpg,1920,1080
fish,1487,200,00197.jpg,1920,1080
fish,1471,169,00197.jpg,1920,1080
fish,1446,210,00197.jpg,1920,1080
fish,1500,76,00197.jpg,1920,1080
fish,1500,26,00197.jpg,1920,1080
fish,1561,67,00197.jpg,1920,1080
fish,1282,444,00197.jpg,1920,1080
fish,1380,480,00197.jpg,1920,1080
fish,1624,378,00197.jpg,1920,1080
fish,1724,271,00197.jpg,1920,1080
fish,1622,833,00197.jpg,1920,1080
fish,1795,437,00197.jpg,1920,1080
fish,1812,331,00197.jpg,1920,1080
fish,1805,150,00197.jpg,1920,1080
fish,1790,89,00197.jpg,1920,1080
fish,1873,102,00197.jpg,1920,1080
fish,1711,23,00197.jpg,1920,1080
fish,202,1043,00198.jpg,1920,1080
fish,16,1004,00198.jpg,1920,1080
fish,657,676,00198.jpg,1920,1080
fish,640,500,00198.jpg,1920,1080
fish,714,418,00198.jpg,1920,1080
fish,565,364,00198.jpg,1920,1080
fish,483,324,00198.jpg,1920,1080
fish,342,484,00198.jpg,1920,1080
fish,386,337,00198.jpg,1920,1080
fish,143,260,00198.jpg,1920,1080
fish,97,326,00198.jpg,1920,1080
fish,149,83,00198.jpg,1920,1080
fish,380,50,00198.jpg,1920,1080
fish,532,97,00198.jpg,1920,1080
fish,449,236,00198.jpg,1920,1080
fish,602,260,00198.jpg,1920,1080
fish,701,266,00198.jpg,1920,1080
fish,759,111,00198.jpg,1920,1080
fish,850,437,00198.jpg,1920,1080
fish,984,480,00198.jpg,1920,1080
fish,1051,299,00198.jpg,1920,1080
fish,1029,254,00198.jpg,1920,1080
fish,1081,156,00198.jpg,1920,1080
fish,1018,124,00198.jpg,1920,1080
fish,946,131,00198.jpg,1920,1080
fish,1120,81,00198.jpg,1920,1080
fish,1231,150,00198.jpg,1920,1080
fish,1222,255,00198.jpg,1920,1080
fish,1280,258,00198.jpg,1920,1080
fish,1333,204,00198.jpg,1920,1080
fish,1391,260,00198.jpg,1920,1080
fish,1457,72,00198.jpg,1920,1080
fish,1399,31,00198.jpg,1920,1080
fish,1496,153,00198.jpg,1920,1080
fish,1696,94,00198.jpg,1920,1080
fish,1751,131,00198.jpg,1920,1080
fish,1873,139,00198.jpg,1920,1080
fish,1729,204,00198.jpg,1920,1080
fish,1784,238,00198.jpg,1920,1080
fish,1845,425,00198.jpg,1920,1080
fish,1547,560,00198.jpg,1920,1080
fish,1471,389,00198.jpg,1920,1080
fish,1235,461,00198.jpg,1920,1080
fish,1211,558,00198.jpg,1920,1080
fish,1231,989,00198.jpg,1920,1080
fish,1589,964,00198.jpg,1920,1080
fish,375,953,00199.jpg,1920,1080
fish,445,801,00199.jpg,1920,1080
fish,152,914,00199.jpg,1920,1080
fish,315,1055,00199.jpg,1920,1080
fish,49,356,00199.jpg,1920,1080
fish,262,305,00199.jpg,1920,1080
fish,235,255,00199.jpg,1920,1080
fish,328,31,00199.jpg,1920,1080
fish,409,185,00199.jpg,1920,1080
fish,455,229,00199.jpg,1920,1080
fish,400,260,00199.jpg,1920,1080
fish,369,285,00199.jpg,1920,1080
fish,579,124,00199.jpg,1920,1080
fish,616,147,00199.jpg,1920,1080
fish,616,98,00199.jpg,1920,1080
fish,726,92,00199.jpg,1920,1080
fish,795,122,00199.jpg,1920,1080
fish,894,50,00199.jpg,1920,1080
fish,835,160,00199.jpg,1920,1080
fish,918,216,00199.jpg,1920,1080
fish,883,188,00199.jpg,1920,1080
fish,809,235,00199.jpg,1920,1080
fish,681,232,00199.jpg,1920,1080
fish,626,290,00199.jpg,1920,1080
fish,739,290,00199.jpg,1920,1080
fish,729,340,00199.jpg,1920,1080
fish,839,276,00199.jpg,1920,1080
fish,896,255,00199.jpg,1920,1080
fish,969,218,00199.jpg,1920,1080
fish,858,334,00199.jpg,1920,1080
fish,824,378,00199.jpg,1920,1080
fish,1169,486,00199.jpg,1920,1080
fish,1205,407,00199.jpg,1920,1080
fish,1230,274,00199.jpg,1920,1080
fish,1235,200,00199.jpg,1920,1080
fish,1217,65,00199.jpg,1920,1080
fish,1390,147,00199.jpg,1920,1080
fish,1401,208,00199.jpg,1920,1080
fish,1294,462,00199.jpg,1920,1080
fish,1415,489,00199.jpg,1920,1080
fish,1387,299,00199.jpg,1920,1080
fish,1802,305,00199.jpg,1920,1080
fish,1743,26,00199.jpg,1920,1080
fish,802,958,00200.jpg,1920,1080
fish,177,991,00200.jpg,1920,1080
fish,223,1040,00200.jpg,1920,1080
fish,621,809,00200.jpg,1920,1080
fish,954,1066,00200.jpg,1920,1080
fish,1211,798,00200.jpg,1920,1080
fish,1424,608,00200.jpg,1920,1080
fish,1133,517,00200.jpg,1920,1080
fish,1111,381,00200.jpg,1920,1080
fish,50,293,00200.jpg,1920,1080
fish,111,70,00200.jpg,1920,1080
fish,38,67,00200.jpg,1920,1080
fish,351,155,00200.jpg,1920,1080
fish,215,284,00200.jpg,1920,1080
fish,433,218,00200.jpg,1920,1080
fish,554,109,00200.jpg,1920,1080
fish,712,64,00200.jpg,1920,1080
fish,742,194,00200.jpg,1920,1080
fish,676,202,00200.jpg,1920,1080
fish,598,285,00200.jpg,1920,1080
fish,750,255,00200.jpg,1920,1080
fish,797,235,00200.jpg,1920,1080
fish,853,246,00200.jpg,1920,1080
fish,955,227,00200.jpg,1920,1080
fish,813,334,00200.jpg,1920,1080
fish,712,371,00200.jpg,1920,1080
fish,965,340,00200.jpg,1920,1080
fish,1020,139,00200.jpg,1920,1080
fish,1089,14,00200.jpg,1920,1080
fish,1159,199,00200.jpg,1920,1080
fish,1280,83,00200.jpg,1920,1080
fish,1355,48,00200.jpg,1920,1080
fish,1595,26,00200.jpg,1920,1080
fish,1672,53,00200.jpg,1920,1080
fish,1749,56,00200.jpg,1920,1080
fish,1691,171,00200.jpg,1920,1080
fish,1795,135,00200.jpg,1920,1080
fish,296,1019,00201.jpg,1920,1080
fish,361,1062,00201.jpg,1920,1080
fish,511,767,00201.jpg,1920,1080
fish,703,974,00201.jpg,1920,1080
fish,998,1057,00201.jpg,1920,1080
fish,1613,528,00201.jpg,1920,1080
fish,1871,447,00201.jpg,1920,1080
fish,1663,376,00201.jpg,1920,1080
fish,94,204,00201.jpg,1920,1080
fish,25,124,00201.jpg,1920,1080
fish,152,67,00201.jpg,1920,1080
fish,301,193,00201.jpg,1920,1080
fish,320,125,00201.jpg,1920,1080
fish,375,69,00201.jpg,1920,1080
fish,519,39,00201.jpg,1920,1080
fish,585,116,00201.jpg,1920,1080
fish,527,193,00201.jpg,1920,1080
fish,571,321,00201.jpg,1920,1080
fish,579,208,00201.jpg,1920,1080
fish,831,183,00201.jpg,1920,1080
fish,833,213,00201.jpg,1920,1080
fish,803,117,00201.jpg,1920,1080
fish,925,39,00201.jpg,1920,1080
fish,1005,138,00201.jpg,1920,1080
fish,982,196,00201.jpg,1920,1080
fish,908,338,00201.jpg,1920,1080
fish,1123,371,00201.jpg,1920,1080
fish,1169,285,00201.jpg,1920,1080
fish,1233,280,00201.jpg,1920,1080
fish,1277,191,00201.jpg,1920,1080
fish,1144,133,00201.jpg,1920,1080
fish,1170,42,00201.jpg,1920,1080
fish,1398,194,00201.jpg,1920,1080
fish,1715,55,00201.jpg,1920,1080
fish,1864,36,00201.jpg,1920,1080
fish,1820,92,00201.jpg,1920,1080
fish,1805,210,00201.jpg,1920,1080
fish,1881,182,00201.jpg,1920,1080
fish,1680,296,00201.jpg,1920,1080
fish,169,1043,00202.jpg,1920,1080
fish,417,1054,00202.jpg,1920,1080
fish,116,312,00202.jpg,1920,1080
fish,25,313,00202.jpg,1920,1080
fish,154,100,00202.jpg,1920,1080
fish,331,171,00202.jpg,1920,1080
fish,254,276,00202.jpg,1920,1080
fish,392,70,00202.jpg,1920,1080
fish,620,98,00202.jpg,1920,1080
fish,563,293,00202.jpg,1920,1080
fish,794,462,00202.jpg,1920,1080
fish,1457,933,00202.jpg,1920,1080
fish,1677,880,00202.jpg,1920,1080
fish,988,225,00202.jpg,1920,1080
fish,940,257,00202.jpg,1920,1080
fish,925,301,00202.jpg,1920,1080
fish,894,225,00202.jpg,1920,1080
fish,872,172,00202.jpg,1920,1080
fish,966,144,00202.jpg,1920,1080
fish,891,87,00202.jpg,1920,1080
fish,910,48,00202.jpg,1920,1080
fish,836,58,00202.jpg,1920,1080
fish,1242,51,00202.jpg,1920,1080
fish,1162,204,00202.jpg,1920,1080
fish,1175,357,00202.jpg,1920,1080
fish,1329,196,00202.jpg,1920,1080
fish,1294,163,00202.jpg,1920,1080
fish,1333,342,00202.jpg,1920,1080
fish,1490,384,00202.jpg,1920,1080
fish,1576,390,00202.jpg,1920,1080
fish,1661,258,00202.jpg,1920,1080
fish,1719,199,00202.jpg,1920,1080
fish,1652,119,00202.jpg,1920,1080
fish,1758,76,00202.jpg,1920,1080
fish,1614,7,00202.jpg,1920,1080
fish,1496,25,00202.jpg,1920,1080
fish,1420,65,00202.jpg,1920,1080
fish,154,1041,00203.jpg,1920,1080
fish,439,1063,00203.jpg,1920,1080
fish,555,448,00203.jpg,1920,1080
fish,113,241,00203.jpg,1920,1080
fish,127,156,00203.jpg,1920,1080
fish,25,119,00203.jpg,1920,1080
fish,180,225,00203.jpg,1920,1080
fish,403,211,00203.jpg,1920,1080
fish,452,97,00203.jpg,1920,1080
fish,521,22,00203.jpg,1920,1080
fish,627,91,00203.jpg,1920,1080
fish,613,64,00203.jpg,1920,1080
fish,709,155,00203.jpg,1920,1080
fish,712,243,00203.jpg,1920,1080
fish,863,109,00203.jpg,1920,1080
fish,932,59,00203.jpg,1920,1080
fish,1134,70,00203.jpg,1920,1080
fish,1060,127,00203.jpg,1920,1080
fish,982,136,00203.jpg,1920,1080
fish,1043,274,00203.jpg,1920,1080
fish,919,284,00203.jpg,1920,1080
fish,949,357,00203.jpg,1920,1080
fish,778,403,00203.jpg,1920,1080
fish,1106,244,00203.jpg,1920,1080
fish,1219,665,00203.jpg,1920,1080
fish,1351,145,00203.jpg,1920,1080
fish,1307,131,00203.jpg,1920,1080
fish,1260,150,00203.jpg,1920,1080
fish,1473,26,00203.jpg,1920,1080
fish,1547,47,00203.jpg,1920,1080
fish,1638,92,00203.jpg,1920,1080
fish,1376,249,00203.jpg,1920,1080
fish,1901,263,00203.jpg,1920,1080
fish,1333,977,00203.jpg,1920,1080
fish,169,1032,00204.jpg,1920,1080
fish,856,983,00204.jpg,1920,1080
fish,1313,773,00204.jpg,1920,1080
fish,1183,437,00204.jpg,1920,1080
fish,1079,349,00204.jpg,1920,1080
fish,1368,978,00204.jpg,1920,1080
fish,71,194,00204.jpg,1920,1080
fish,22,103,00204.jpg,1920,1080
fish,42,51,00204.jpg,1920,1080
fish,93,102,00204.jpg,1920,1080
fish,223,92,00204.jpg,1920,1080
fish,273,67,00204.jpg,1920,1080
fish,242,163,00204.jpg,1920,1080
fish,375,150,00204.jpg,1920,1080
fish,306,207,00204.jpg,1920,1080
fish,500,161,00204.jpg,1920,1080
fish,598,117,00204.jpg,1920,1080
fish,599,67,00204.jpg,1920,1080
fish,737,59,00204.jpg,1920,1080
fish,827,205,00204.jpg,1920,1080
fish,733,186,00204.jpg,1920,1080
fish,905,160,00204.jpg,1920,1080
fish,1029,156,00204.jpg,1920,1080
fish,1085,178,00204.jpg,1920,1080
fish,1118,67,00204.jpg,1920,1080
fish,996,28,00204.jpg,1920,1080
fish,1239,128,00204.jpg,1920,1080
fish,1250,163,00204.jpg,1920,1080
fish,1324,75,00204.jpg,1920,1080
fish,1358,218,00204.jpg,1920,1080
fish,1501,133,00204.jpg,1920,1080
fish,1475,48,00204.jpg,1920,1080
fish,1558,47,00204.jpg,1920,1080
fish,1664,113,00204.jpg,1920,1080
fish,1730,36,00204.jpg,1920,1080
fish,1834,120,00204.jpg,1920,1080
fish,1893,65,00204.jpg,1920,1080
fish,1622,219,00204.jpg,1920,1080
fish,1691,282,00204.jpg,1920,1080
fish,176,1036,00205.jpg,1920,1080
fish,1278,956,00205.jpg,1920,1080
fish,750,702,00205.jpg,1920,1080
fish,1407,415,00205.jpg,1920,1080
fish,1812,268,00205.jpg,1920,1080
fish,77,119,00205.jpg,1920,1080
fish,168,230,00205.jpg,1920,1080
fish,435,197,00205.jpg,1920,1080
fish,687,188,00205.jpg,1920,1080
fish,681,120,00205.jpg,1920,1080
fish,883,62,00205.jpg,1920,1080
fish,814,131,00205.jpg,1920,1080
fish,900,89,00205.jpg,1920,1080
fish,919,178,00205.jpg,1920,1080
fish,819,247,00205.jpg,1920,1080
fish,1107,98,00205.jpg,1920,1080
fish,1164,73,00205.jpg,1920,1080
fish,1214,33,00205.jpg,1920,1080
fish,1183,135,00205.jpg,1920,1080
fish,1250,125,00205.jpg,1920,1080
fish,1085,312,00205.jpg,1920,1080
fish,1335,211,00205.jpg,1920,1080
fish,1354,167,00205.jpg,1920,1080
fish,1451,224,00205.jpg,1920,1080
fish,1534,117,00205.jpg,1920,1080
fish,1528,76,00205.jpg,1920,1080
fish,1622,55,00205.jpg,1920,1080
fish,1633,87,00205.jpg,1920,1080
fish,1780,67,00205.jpg,1920,1080
fish,1768,122,00205.jpg,1920,1080
fish,1900,83,00205.jpg,1920,1080
fish,1347,972,00206.jpg,1920,1080
fish,1884,688,00206.jpg,1920,1080
fish,124,351,00206.jpg,1920,1080
fish,16,147,00206.jpg,1920,1080
fish,276,119,00206.jpg,1920,1080
fish,273,271,00206.jpg,1920,1080
fish,355,163,00206.jpg,1920,1080
fish,508,189,00206.jpg,1920,1080
fish,450,354,00206.jpg,1920,1080
fish,405,327,00206.jpg,1920,1080
fish,540,290,00206.jpg,1920,1080
fish,615,316,00206.jpg,1920,1080
fish,690,182,00206.jpg,1920,1080
fish,651,87,00206.jpg,1920,1080
fish,540,33,00206.jpg,1920,1080
fish,676,340,00206.jpg,1920,1080
fish,1016,246,00206.jpg,1920,1080
fish,980,145,00206.jpg,1920,1080
fish,971,28,00206.jpg,1920,1080
fish,1242,124,00206.jpg,1920,1080
fish,1181,219,00206.jpg,1920,1080
fish,1445,106,00206.jpg,1920,1080
fish,1338,31,00206.jpg,1920,1080
fish,1540,128,00206.jpg,1920,1080
fish,1600,171,00206.jpg,1920,1080
fish,1409,295,00206.jpg,1920,1080
fish,1666,62,00206.jpg,1920,1080
fish,1693,12,00206.jpg,1920,1080
fish,1751,29,00206.jpg,1920,1080
fish,1804,164,00206.jpg,1920,1080
fish,1551,698,00206.jpg,1920,1080
fish,198,370,00207.jpg,1920,1080
fish,61,219,00207.jpg,1920,1080
fish,160,155,00207.jpg,1920,1080
fish,89,92,00207.jpg,1920,1080
fish,115,172,00207.jpg,1920,1080
fish,262,91,00207.jpg,1920,1080
fish,325,153,00207.jpg,1920,1080
fish,3,779,00207.jpg,1920,1080
fish,201,1071,00207.jpg,1920,1080
fish,387,1054,00207.jpg,1920,1080
fish,602,216,00207.jpg,1920,1080
fish,670,210,00207.jpg,1920,1080
fish,535,160,00207.jpg,1920,1080
fish,571,86,00207.jpg,1920,1080
fish,464,67,00207.jpg,1920,1080
fish,692,70,00207.jpg,1920,1080
fish,728,120,00207.jpg,1920,1080
fish,816,76,00207.jpg,1920,1080
fish,1318,28,00207.jpg,1920,1080
fish,1073,131,00207.jpg,1920,1080
fish,1373,131,00207.jpg,1920,1080
fish,1015,189,00207.jpg,1920,1080
fish,1040,346,00207.jpg,1920,1080
fish,700,353,00207.jpg,1920,1080
fish,1230,944,00207.jpg,1920,1080
fish,1842,233,00207.jpg,1920,1080
fish,1743,94,00207.jpg,1920,1080
fish,1829,70,00207.jpg,1920,1080
fish,1318,131,00207.jpg,1920,1080
fish,944,131,00207.jpg,1920,1080
fish,1545,229,00207.jpg,1920,1080
fish,254,1055,00208.jpg,1920,1080
fish,383,1071,00208.jpg,1920,1080
fish,85,475,00208.jpg,1920,1080
fish,361,290,00208.jpg,1920,1080
fish,47,127,00208.jpg,1920,1080
fish,35,23,00208.jpg,1920,1080
fish,196,61,00208.jpg,1920,1080
fish,202,103,00208.jpg,1920,1080
fish,328,127,00208.jpg,1920,1080
fish,391,207,00208.jpg,1920,1080
fish,504,199,00208.jpg,1920,1080
fish,529,70,00208.jpg,1920,1080
fish,640,14,00208.jpg,1920,1080
fish,679,208,00208.jpg,1920,1080
fish,601,282,00208.jpg,1920,1080
fish,816,138,00208.jpg,1920,1080
fish,882,9,00208.jpg,1920,1080
fish,1031,106,00208.jpg,1920,1080
fish,1015,152,00208.jpg,1920,1080
fish,1009,235,00208.jpg,1920,1080
fish,783,669,00208.jpg,1920,1080
fish,1005,1007,00208.jpg,1920,1080
fish,1272,938,00208.jpg,1920,1080
fish,1503,566,00208.jpg,1920,1080
fish,1305,398,00208.jpg,1920,1080
fish,1140,273,00208.jpg,1920,1080
fish,1194,210,00208.jpg,1920,1080
fish,1142,122,00208.jpg,1920,1080
fish,1203,92,00208.jpg,1920,1080
fish,1253,133,00208.jpg,1920,1080
fish,1293,92,00208.jpg,1920,1080
fish,1409,22,00208.jpg,1920,1080
fish,1500,138,00208.jpg,1920,1080
fish,1672,80,00208.jpg,1920,1080
fish,1875,211,00208.jpg,1920,1080
fish,1898,935,00208.jpg,1920,1080
fish,218,1054,00209.jpg,1920,1080
fish,130,1022,00209.jpg,1920,1080
fish,35,986,00209.jpg,1920,1080
fish,16,847,00209.jpg,1920,1080
fish,216,864,00209.jpg,1920,1080
fish,364,389,00209.jpg,1920,1080
fish,356,334,00209.jpg,1920,1080
fish,151,238,00209.jpg,1920,1080
fish,204,152,00209.jpg,1920,1080
fish,229,83,00209.jpg,1920,1080
fish,91,108,00209.jpg,1920,1080
fish,25,207,00209.jpg,1920,1080
fish,521,14,00209.jpg,1920,1080
fish,712,55,00209.jpg,1920,1080
fish,1037,70,00209.jpg,1920,1080
fish,394,202,00209.jpg,1920,1080
fish,609,182,00209.jpg,1920,1080
fish,527,188,00209.jpg,1920,1080
fish,701,169,00209.jpg,1920,1080
fish,654,200,00209.jpg,1920,1080
fish,723,240,00209.jpg,1920,1080
fish,827,174,00209.jpg,1920,1080
fish,896,254,00209.jpg,1920,1080
fish,775,718,00209.jpg,1920,1080
fish,1220,1046,00209.jpg,1920,1080
fish,1572,723,00209.jpg,1920,1080
fish,1624,393,00209.jpg,1920,1080
fish,1498,171,00209.jpg,1920,1080
fish,1645,141,00209.jpg,1920,1080
fish,1774,80,00209.jpg,1920,1080
fish,1399,309,00209.jpg,1920,1080
fish,1420,229,00209.jpg,1920,1080
fish,1213,169,00209.jpg,1920,1080
fish,1098,188,00209.jpg,1920,1080
fish,42,748,00210.jpg,1920,1080
fish,125,346,00210.jpg,1920,1080
fish,93,980,00210.jpg,1920,1080
fish,420,431,00210.jpg,1920,1080
fish,493,370,00210.jpg,1920,1080
fish,387,373,00210.jpg,1920,1080
fish,540,262,00210.jpg,1920,1080
fish,472,204,00210.jpg,1920,1080
fish,525,147,00210.jpg,1920,1080
fish,482,97,00210.jpg,1920,1080
fish,466,81,00210.jpg,1920,1080
fish,353,87,00210.jpg,1920,1080
fish,300,125,00210.jpg,1920,1080
fish,842,102,00210.jpg,1920,1080
fish,849,199,00210.jpg,1920,1080
fish,907,182,00210.jpg,1920,1080
fish,819,378,00210.jpg,1920,1080
fish,1156,632,00210.jpg,1920,1080
fish,1120,720,00210.jpg,1920,1080
fish,1109,654,00210.jpg,1920,1080
fish,896,727,00210.jpg,1920,1080
fish,894,823,00210.jpg,1920,1080
fish,1440,724,00210.jpg,1920,1080
fish,1015,244,00210.jpg,1920,1080
fish,1100,204,00210.jpg,1920,1080
fish,1142,229,00210.jpg,1920,1080
fish,1181,125,00210.jpg,1920,1080
fish,1192,70,00210.jpg,1920,1080
fish,1037,86,00210.jpg,1920,1080
fish,1291,117,00210.jpg,1920,1080
fish,1220,188,00210.jpg,1920,1080
fish,1321,204,00210.jpg,1920,1080
fish,1308,293,00210.jpg,1920,1080
fish,1511,243,00210.jpg,1920,1080
fish,1633,34,00210.jpg,1920,1080
fish,1816,94,00210.jpg,1920,1080
fish,1901,26,00210.jpg,1920,1080
fish,1821,7,00210.jpg,1920,1080
fish,96,947,00211.jpg,1920,1080
fish,177,676,00211.jpg,1920,1080
fish,689,757,00211.jpg,1920,1080
fish,835,682,00211.jpg,1920,1080
fish,860,491,00211.jpg,1920,1080
fish,563,307,00211.jpg,1920,1080
fish,242,241,00211.jpg,1920,1080
fish,320,172,00211.jpg,1920,1080
fish,289,124,00211.jpg,1920,1080
fish,251,357,00211.jpg,1920,1080
fish,33,36,00211.jpg,1920,1080
fish,449,29,00211.jpg,1920,1080
fish,467,125,00211.jpg,1920,1080
fish,712,105,00211.jpg,1920,1080
fish,668,117,00211.jpg,1920,1080
fish,886,51,00211.jpg,1920,1080
fish,836,185,00211.jpg,1920,1080
fish,877,258,00211.jpg,1920,1080
fish,952,230,00211.jpg,1920,1080
fish,776,323,00211.jpg,1920,1080
fish,1170,329,00211.jpg,1920,1080
fish,1089,189,00211.jpg,1920,1080
fish,1264,167,00211.jpg,1920,1080
fish,1413,249,00211.jpg,1920,1080
fish,1437,119,00211.jpg,1920,1080
fish,1385,42,00211.jpg,1920,1080
fish,1362,207,00211.jpg,1920,1080
fish,1572,81,00211.jpg,1920,1080
fish,1656,124,00211.jpg,1920,1080
fish,1780,75,00211.jpg,1920,1080
fish,1777,225,00211.jpg,1920,1080
fish,1645,387,00211.jpg,1920,1080
fish,1805,392,00211.jpg,1920,1080
fish,85,994,00212.jpg,1920,1080
fish,442,742,00212.jpg,1920,1080
fish,502,627,00212.jpg,1920,1080
fish,295,459,00212.jpg,1920,1080
fish,129,288,00212.jpg,1920,1080
fish,53,193,00212.jpg,1920,1080
fish,317,108,00212.jpg,1920,1080
fish,191,6,00212.jpg,1920,1080
fish,342,227,00212.jpg,1920,1080
fish,389,389,00212.jpg,1920,1080
fish,494,359,00212.jpg,1920,1080
fish,532,309,00212.jpg,1920,1080
fish,601,334,00212.jpg,1920,1080
fish,607,274,00212.jpg,1920,1080
fish,692,307,00212.jpg,1920,1080
fish,725,236,00212.jpg,1920,1080
fish,638,29,00212.jpg,1920,1080
fish,1040,625,00212.jpg,1920,1080
fish,803,1051,00212.jpg,1920,1080
fish,1217,280,00212.jpg,1920,1080
fish,1068,401,00212.jpg,1920,1080
fish,1373,442,00212.jpg,1920,1080
fish,1352,155,00212.jpg,1920,1080
fish,1038,11,00212.jpg,1920,1080
fish,1564,86,00212.jpg,1920,1080
fish,1420,83,00212.jpg,1920,1080
fish,1529,252,00212.jpg,1920,1080
fish,1746,236,00212.jpg,1920,1080
fish,504,894,00213.jpg,1920,1080
fish,284,444,00213.jpg,1920,1080
fish,325,279,00213.jpg,1920,1080
fish,245,255,00213.jpg,1920,1080
fish,146,128,00213.jpg,1920,1080
fish,22,120,00213.jpg,1920,1080
fish,27,36,00213.jpg,1920,1080
fish,395,208,00213.jpg,1920,1080
fish,584,219,00213.jpg,1920,1080
fish,571,277,00213.jpg,1920,1080
fish,629,324,00213.jpg,1920,1080
fish,601,365,00213.jpg,1920,1080
fish,725,171,00213.jpg,1920,1080
fish,800,95,00213.jpg,1920,1080
fish,546,18,00213.jpg,1920,1080
fish,1049,103,00213.jpg,1920,1080
fish,988,243,00213.jpg,1920,1080
fish,1156,263,00213.jpg,1920,1080
fish,1256,202,00213.jpg,1920,1080
fish,1239,87,00213.jpg,1920,1080
fish,1327,23,00213.jpg,1920,1080
fish,1529,113,00213.jpg,1920,1080
fish,1600,109,00213.jpg,1920,1080
fish,1597,155,00213.jpg,1920,1080
fish,1628,188,00213.jpg,1920,1080
fish,1620,26,00213.jpg,1920,1080
fish,1586,295,00213.jpg,1920,1080
fish,1840,456,00213.jpg,1920,1080
fish,1882,105,00213.jpg,1920,1080
fish,1862,67,00213.jpg,1920,1080
fish,1622,886,00213.jpg,1920,1080
fish,115,1032,00214.jpg,1920,1080
fish,375,707,00214.jpg,1920,1080
fish,515,531,00214.jpg,1920,1080
fish,304,382,00214.jpg,1920,1080
fish,198,489,00214.jpg,1920,1080
fish,35,373,00214.jpg,1920,1080
fish,99,175,00214.jpg,1920,1080
fish,36,23,00214.jpg,1920,1080
fish,285,193,00214.jpg,1920,1080
fish,376,22,00214.jpg,1920,1080
fish,510,182,00214.jpg,1920,1080
fish,441,364,00214.jpg,1920,1080
fish,693,375,00214.jpg,1920,1080
fish,740,323,00214.jpg,1920,1080
fish,819,288,00214.jpg,1920,1080
fish,893,138,00214.jpg,1920,1080
fish,703,44,00214.jpg,1920,1080
fish,758,517,00214.jpg,1920,1080
fish,973,354,00214.jpg,1920,1080
fish,988,255,00214.jpg,1920,1080
fish,867,715,00214.jpg,1920,1080
fish,1261,580,00214.jpg,1920,1080
fish,1672,740,00214.jpg,1920,1080
fish,1776,544,00214.jpg,1920,1080
fish,1572,497,00214.jpg,1920,1080
fish,1619,368,00214.jpg,1920,1080
fish,1319,177,00214.jpg,1920,1080
fish,1338,80,00214.jpg,1920,1080
fish,1338,44,00214.jpg,1920,1080
fish,1487,72,00214.jpg,1920,1080
fish,1837,114,00214.jpg,1920,1080
fish,1848,39,00214.jpg,1920,1080
fish,1805,302,00214.jpg,1920,1080
fish,1762,247,00214.jpg,1920,1080
fish,1904,280,00214.jpg,1920,1080
fish,174,583,00215.jpg,1920,1080
fish,91,509,00215.jpg,1920,1080
fish,147,309,00215.jpg,1920,1080
fish,77,249,00215.jpg,1920,1080
fish,226,172,00215.jpg,1920,1080
fish,207,64,00215.jpg,1920,1080
fish,325,78,00215.jpg,1920,1080
fish,383,116,00215.jpg,1920,1080
fish,445,65,00215.jpg,1920,1080
fish,511,186,00215.jpg,1920,1080
fish,515,141,00215.jpg,1920,1080
fish,447,464,00215.jpg,1920,1080
fish,265,508,00215.jpg,1920,1080
fish,599,340,00215.jpg,1920,1080
fish,616,296,00215.jpg,1920,1080
fish,698,266,00215.jpg,1920,1080
fish,690,125,00215.jpg,1920,1080
fish,645,70,00215.jpg,1920,1080
fish,789,312,00215.jpg,1920,1080
fish,770,415,00215.jpg,1920,1080
fish,671,455,00215.jpg,1920,1080
fish,762,1049,00215.jpg,1920,1080
fish,1181,403,00215.jpg,1920,1080
fish,1037,196,00215.jpg,1920,1080
fish,1151,175,00215.jpg,1920,1080
fish,1258,186,00215.jpg,1920,1080
fish,1304,119,00215.jpg,1920,1080
fish,1338,155,00215.jpg,1920,1080
fish,1391,204,00215.jpg,1920,1080
fish,1490,161,00215.jpg,1920,1080
fish,1467,199,00215.jpg,1920,1080
fish,1597,86,00215.jpg,1920,1080
fish,1755,138,00215.jpg,1920,1080
fish,1699,178,00215.jpg,1920,1080
fish,1747,208,00215.jpg,1920,1080
fish,1642,451,00215.jpg,1920,1080
fish,811,743,00216.jpg,1920,1080
fish,295,517,00216.jpg,1920,1080
fish,25,346,00216.jpg,1920,1080
fish,35,215,00216.jpg,1920,1080
fish,303,199,00216.jpg,1920,1080
fish,376,44,00216.jpg,1920,1080
fish,420,232,00216.jpg,1920,1080
fish,359,268,00216.jpg,1920,1080
fish,569,258,00216.jpg,1920,1080
fish,573,365,00216.jpg,1920,1080
fish,709,116,00216.jpg,1920,1080
fish,635,73,00216.jpg,1920,1080
fish,759,164,00216.jpg,1920,1080
fish,869,64,00216.jpg,1920,1080
fish,816,263,00216.jpg,1920,1080
fish,1031,111,00216.jpg,1920,1080
fish,1048,65,00216.jpg,1920,1080
fish,1051,285,00216.jpg,1920,1080
fish,1004,337,00216.jpg,1920,1080
fish,1241,199,00216.jpg,1920,1080
fish,1355,142,00216.jpg,1920,1080
fish,1371,199,00216.jpg,1920,1080
fish,1329,455,00216.jpg,1920,1080
fish,1176,588,00216.jpg,1920,1080
fish,1655,820,00216.jpg,1920,1080
fish,1700,578,00216.jpg,1920,1080
fish,1580,271,00216.jpg,1920,1080
fish,1537,207,00216.jpg,1920,1080
fish,1479,150,00216.jpg,1920,1080
fish,1462,73,00216.jpg,1920,1080
fish,1454,29,00216.jpg,1920,1080
fish,1572,14,00216.jpg,1920,1080
fish,1622,105,00216.jpg,1920,1080
fish,1677,42,00216.jpg,1920,1080
fish,1754,186,00216.jpg,1920,1080
fish,1842,232,00216.jpg,1920,1080
fish,469,960,00217.jpg,1920,1080
fish,478,530,00217.jpg,1920,1080
fish,276,495,00217.jpg,1920,1080
fish,361,332,00217.jpg,1920,1080
fish,276,174,00217.jpg,1920,1080
fish,61,149,00217.jpg,1920,1080
fish,223,105,00217.jpg,1920,1080
fish,351,89,00217.jpg,1920,1080
fish,408,117,00217.jpg,1920,1080
fish,320,249,00217.jpg,1920,1080
fish,491,284,00217.jpg,1920,1080
fish,524,166,00217.jpg,1920,1080
fish,620,83,00217.jpg,1920,1080
fish,667,180,00217.jpg,1920,1080
fish,612,307,00217.jpg,1920,1080
fish,762,262,00217.jpg,1920,1080
fish,904,359,00217.jpg,1920,1080
fish,966,271,00217.jpg,1920,1080
fish,1104,279,00217.jpg,1920,1080
fish,1164,318,00217.jpg,1920,1080
fish,1150,80,00217.jpg,1920,1080
fish,891,20,00217.jpg,1920,1080
fish,1587,144,00217.jpg,1920,1080
fish,1600,84,00217.jpg,1920,1080
fish,1708,80,00217.jpg,1920,1080
fish,1774,109,00217.jpg,1920,1080
fish,1870,86,00217.jpg,1920,1080
fish,1209,966,00217.jpg,1920,1080
fish,667,991,00218.jpg,1920,1080
fish,188,1051,00218.jpg,1920,1080
fish,93,999,00218.jpg,1920,1080
fish,215,447,00218.jpg,1920,1080
fish,38,194,00218.jpg,1920,1080
fish,24,114,00218.jpg,1920,1080
fish,165,72,00218.jpg,1920,1080
fish,281,72,00218.jpg,1920,1080
fish,290,236,00218.jpg,1920,1080
fish,355,200,00218.jpg,1920,1080
fish,367,127,00218.jpg,1920,1080
fish,334,180,00218.jpg,1920,1080
fish,450,141,00218.jpg,1920,1080
fish,518,290,00218.jpg,1920,1080
fish,417,321,00218.jpg,1920,1080
fish,596,255,00218.jpg,1920,1080
fish,593,305,00218.jpg,1920,1080
fish,533,128,00218.jpg,1920,1080
fish,659,105,00218.jpg,1920,1080
fish,897,106,00218.jpg,1920,1080
fish,866,48,00218.jpg,1920,1080
fish,921,167,00218.jpg,1920,1080
fish,918,244,00218.jpg,1920,1080
fish,899,301,00218.jpg,1920,1080
fish,919,381,00218.jpg,1920,1080
fish,1015,398,00218.jpg,1920,1080
fish,717,746,00218.jpg,1920,1080
fish,1652,713,00218.jpg,1920,1080
fish,1057,274,00218.jpg,1920,1080
fish,1147,227,00218.jpg,1920,1080
fish,1140,138,00218.jpg,1920,1080
fish,1170,382,00218.jpg,1920,1080
fish,1219,318,00218.jpg,1920,1080
fish,1283,290,00218.jpg,1920,1080
fish,1354,309,00218.jpg,1920,1080
fish,1278,155,00218.jpg,1920,1080
fish,1420,205,00218.jpg,1920,1080
fish,1456,163,00218.jpg,1920,1080
fish,1528,128,00218.jpg,1920,1080
fish,1534,178,00218.jpg,1920,1080
fish,1769,33,00218.jpg,1920,1080
fish,1892,92,00218.jpg,1920,1080
fish,177,1055,00219.jpg,1920,1080
fish,91,1038,00219.jpg,1920,1080
fish,566,952,00219.jpg,1920,1080
fish,1304,873,00219.jpg,1920,1080
fish,124,476,00219.jpg,1920,1080
fish,292,403,00219.jpg,1920,1080
fish,184,241,00219.jpg,1920,1080
fish,174,188,00219.jpg,1920,1080
fish,61,178,00219.jpg,1920,1080
fish,28,64,00219.jpg,1920,1080
fish,267,169,00219.jpg,1920,1080
fish,372,183,00219.jpg,1920,1080
fish,516,273,00219.jpg,1920,1080
fish,558,359,00219.jpg,1920,1080
fish,601,335,00219.jpg,1920,1080
fish,599,265,00219.jpg,1920,1080
fish,565,116,00219.jpg,1920,1080
fish,761,116,00219.jpg,1920,1080
fish,991,133,00219.jpg,1920,1080
fish,822,28,00219.jpg,1920,1080
fish,808,323,00219.jpg,1920,1080
fish,1169,411,00219.jpg,1920,1080
fish,1272,263,00219.jpg,1920,1080
fish,1440,215,00219.jpg,1920,1080
fish,1250,109,00219.jpg,1920,1080
fish,1189,70,00219.jpg,1920,1080
fish,1371,42,00219.jpg,1920,1080
fish,1498,84,00219.jpg,1920,1080
fish,1785,23,00219.jpg,1920,1080
fish,1776,72,00219.jpg,1920,1080
fish,1870,81,00219.jpg,1920,1080
fish,74,1032,00220.jpg,1920,1080
fish,216,1058,00220.jpg,1920,1080
fish,180,698,00220.jpg,1920,1080
fish,216,287,00220.jpg,1920,1080
fish,242,164,00220.jpg,1920,1080
fish,52,81,00220.jpg,1920,1080
fish,96,136,00220.jpg,1920,1080
fish,348,91,00220.jpg,1920,1080
fish,409,72,00220.jpg,1920,1080
fish,384,175,00220.jpg,1920,1080
fish,350,263,00220.jpg,1920,1080
fish,452,254,00220.jpg,1920,1080
fish,522,182,00220.jpg,1920,1080
fish,518,379,00220.jpg,1920,1080
fish,640,343,00220.jpg,1920,1080
fish,748,356,00220.jpg,1920,1080
fish,723,191,00220.jpg,1920,1080
fish,728,103,00220.jpg,1920,1080
fish,987,103,00220.jpg,1920,1080
fish,899,155,00220.jpg,1920,1080
fish,855,25,00220.jpg,1920,1080
fish,962,251,00220.jpg,1920,1080
fish,1128,823,00220.jpg,1920,1080
fish,1159,273,00220.jpg,1920,1080
fish,860,735,00220.jpg,1920,1080
fish,977,1062,00220.jpg,1920,1080
fish,1382,155,00220.jpg,1920,1080
fish,1471,136,00220.jpg,1920,1080
fish,1639,155,00220.jpg,1920,1080
fish,1658,249,00220.jpg,1920,1080
fish,1801,200,00220.jpg,1920,1080
fish,1569,503,00220.jpg,1920,1080
fish,1633,630,00220.jpg,1920,1080
fish,1873,654,00220.jpg,1920,1080
fish,93,1016,00221.jpg,1920,1080
fish,63,544,00221.jpg,1920,1080
fish,64,296,00221.jpg,1920,1080
fish,36,100,00221.jpg,1920,1080
fish,174,102,00221.jpg,1920,1080
fish,249,31,00221.jpg,1920,1080
fish,254,175,00221.jpg,1920,1080
fish,285,246,00221.jpg,1920,1080
fish,398,210,00221.jpg,1920,1080
fish,456,122,00221.jpg,1920,1080
fish,505,215,00221.jpg,1920,1080
fish,569,158,00221.jpg,1920,1080
fish,653,78,00221.jpg,1920,1080
fish,515,80,00221.jpg,1920,1080
fish,722,83,00221.jpg,1920,1080
fish,860,64,00221.jpg,1920,1080
fish,806,136,00221.jpg,1920,1080
fish,949,271,00221.jpg,1920,1080
fish,835,607,00221.jpg,1920,1080
fish,938,919,00221.jpg,1920,1080
fish,525,625,00221.jpg,1920,1080
fish,1316,166,00221.jpg,1920,1080
fish,1252,72,00221.jpg,1920,1080
fish,1531,98,00221.jpg,1920,1080
fish,1249,252,00221.jpg,1920,1080
fish,1838,76,00221.jpg,1920,1080
fish,1892,194,00221.jpg,1920,1080
fish,1707,284,00221.jpg,1920,1080
fish,469,975,00222.jpg,1920,1080
fish,275,1040,00222.jpg,1920,1080
fish,107,985,00222.jpg,1920,1080
fish,144,658,00222.jpg,1920,1080
fish,16,404,00222.jpg,1920,1080
fish,138,376,00222.jpg,1920,1080
fish,205,120,00222.jpg,1920,1080
fish,328,36,00222.jpg,1920,1080
fish,353,183,00222.jpg,1920,1080
fish,493,149,00222.jpg,1920,1080
fish,463,124,00222.jpg,1920,1080
fish,469,211,00222.jpg,1920,1080
fish,915,139,00222.jpg,1920,1080
fish,1040,298,00222.jpg,1920,1080
fish,510,456,00222.jpg,1920,1080
fish,1107,608,00222.jpg,1920,1080
fish,1395,834,00222.jpg,1920,1080
fish,1205,917,00222.jpg,1920,1080
fish,1266,379,00222.jpg,1920,1080
fish,1310,257,00222.jpg,1920,1080
fish,1485,232,00222.jpg,1920,1080
fish,1613,89,00222.jpg,1920,1080
fish,1644,290,00222.jpg,1920,1080
fish,1776,155,00222.jpg,1920,1080
fish,1907,196,00222.jpg,1920,1080
fish,1834,511,00222.jpg,1920,1080
fish,720,643,00223.jpg,1920,1080
fish,1344,798,00223.jpg,1920,1080
fish,828,975,00223.jpg,1920,1080
fish,119,986,00223.jpg,1920,1080
fish,264,1038,00223.jpg,1920,1080
fish,56,210,00223.jpg,1920,1080
fish,207,113,00223.jpg,1920,1080
fish,157,109,00223.jpg,1920,1080
fish,300,70,00223.jpg,1920,1080
fish,411,124,00223.jpg,1920,1080
fish,339,274,00223.jpg,1920,1080
fish,612,249,00223.jpg,1920,1080
fish,649,211,00223.jpg,1920,1080
fish,660,130,00223.jpg,1920,1080
fish,748,81,00223.jpg,1920,1080
fish,792,260,00223.jpg,1920,1080
fish,1043,219,00223.jpg,1920,1080
fish,987,153,00223.jpg,1920,1080
fish,1096,156,00223.jpg,1920,1080
fish,1117,103,00223.jpg,1920,1080
fish,1523,59,00223.jpg,1920,1080
fish,1385,164,00223.jpg,1920,1080
fish,1666,124,00223.jpg,1920,1080
fish,1688,29,00223.jpg,1920,1080
fish,1834,26,00223.jpg,1920,1080
fish,1856,131,00223.jpg,1920,1080
fish,1595,301,00223.jpg,1920,1080
fish,1376,465,00223.jpg,1920,1080
fish,1784,646,00223.jpg,1920,1080
fish,1285,1066,00223.jpg,1920,1080
fish,1057,1033,00223.jpg,1920,1080
fish,220,1030,00224.jpg,1920,1080
fish,119,989,00224.jpg,1920,1080
fish,755,1030,00224.jpg,1920,1080
fish,365,208,00224.jpg,1920,1080
fish,27,111,00224.jpg,1920,1080
fish,42,36,00224.jpg,1920,1080
fish,930,178,00224.jpg,1920,1080
fish,613,260,00224.jpg,1920,1080
fish,872,268,00224.jpg,1920,1080
fish,908,249,00224.jpg,1920,1080
fish,850,211,00224.jpg,1920,1080
fish,935,62,00224.jpg,1920,1080
fish,1081,84,00224.jpg,1920,1080
fish,1107,153,00224.jpg,1920,1080
fish,1186,238,00224.jpg,1920,1080
fish,1117,301,00224.jpg,1920,1080
fish,1224,163,00224.jpg,1920,1080
fish,1275,84,00224.jpg,1920,1080
fish,1286,138,00224.jpg,1920,1080
fish,1401,44,00224.jpg,1920,1080
fish,1504,109,00224.jpg,1920,1080
fish,1555,102,00224.jpg,1920,1080
fish,1663,125,00224.jpg,1920,1080
fish,1807,128,00224.jpg,1920,1080
fish,1758,233,00224.jpg,1920,1080
fish,1584,222,00224.jpg,1920,1080
fish,1570,326,00224.jpg,1920,1080
fish,1636,370,00224.jpg,1920,1080
fish,1636,684,00224.jpg,1920,1080
fish,1719,960,00224.jpg,1920,1080
fish,227,1033,00225.jpg,1920,1080
fish,245,329,00225.jpg,1920,1080
fish,696,92,00225.jpg,1920,1080
fish,795,163,00225.jpg,1920,1080
fish,907,155,00225.jpg,1920,1080
fish,808,282,00225.jpg,1920,1080
fish,714,597,00225.jpg,1920,1080
fish,1001,302,00225.jpg,1920,1080
fish,1078,200,00225.jpg,1920,1080
fish,1068,124,00225.jpg,1920,1080
fish,985,69,00225.jpg,1920,1080
fish,1151,222,00225.jpg,1920,1080
fish,1363,387,00225.jpg,1920,1080
fish,778,1058,00225.jpg,1920,1080
fish,1395,222,00225.jpg,1920,1080
fish,1423,133,00225.jpg,1920,1080
fish,1387,70,00225.jpg,1920,1080
fish,1442,28,00225.jpg,1920,1080
fish,1583,161,00225.jpg,1920,1080
fish,1653,109,00225.jpg,1920,1080
fish,1729,33,00225.jpg,1920,1080
fish,1677,28,00225.jpg,1920,1080
fish,1791,69,00225.jpg,1920,1080
fish,1890,28,00225.jpg,1920,1080
fish,1901,156,00225.jpg,1920,1080
fish,1744,274,00225.jpg,1920,1080
fish,1611,349,00225.jpg,1920,1080
fish,1515,329,00225.jpg,1920,1080
fish,1635,321,00225.jpg,1920,1080
fish,108,1030,00226.jpg,1920,1080
fish,130,977,00226.jpg,1920,1080
fish,257,1066,00226.jpg,1920,1080
fish,13,390,00226.jpg,1920,1080
fish,61,243,00226.jpg,1920,1080
fish,14,186,00226.jpg,1920,1080
fish,27,64,00226.jpg,1920,1080
fish,323,25,00226.jpg,1920,1080
fish,318,153,00226.jpg,1920,1080
fish,303,354,00226.jpg,1920,1080
fish,364,340,00226.jpg,1920,1080
fish,469,269,00226.jpg,1920,1080
fish,435,293,00226.jpg,1920,1080
fish,471,211,00226.jpg,1920,1080
fish,508,133,00226.jpg,1920,1080
fish,634,86,00226.jpg,1920,1080
fish,574,262,00226.jpg,1920,1080
fish,629,331,00226.jpg,1920,1080
fish,507,403,00226.jpg,1920,1080
fish,767,484,00226.jpg,1920,1080
fish,803,238,00226.jpg,1920,1080
fish,739,258,00226.jpg,1920,1080
fish,769,127,00226.jpg,1920,1080
fish,886,235,00226.jpg,1920,1080
fish,947,83,00226.jpg,1920,1080
fish,1045,69,00226.jpg,1920,1080
fish,1095,131,00226.jpg,1920,1080
fish,1112,200,00226.jpg,1920,1080
fish,968,318,00226.jpg,1920,1080
fish,962,491,00226.jpg,1920,1080
fish,1021,1051,00226.jpg,1920,1080
fish,1161,335,00226.jpg,1920,1080
fish,1296,273,00226.jpg,1920,1080
fish,1363,83,00226.jpg,1920,1080
fish,1351,114,00226.jpg,1920,1080
fish,1269,89,00226.jpg,1920,1080
fish,1537,200,00226.jpg,1920,1080
fish,1628,304,00226.jpg,1920,1080
fish,1570,117,00226.jpg,1920,1080
fish,1627,89,00226.jpg,1920,1080
fish,1689,196,00226.jpg,1920,1080
fish,1865,348,00226.jpg,1920,1080
fish,1873,23,00226.jpg,1920,1080
fish,195,1062,00227.jpg,1920,1080
fish,119,1025,00227.jpg,1920,1080
fish,91,861,00227.jpg,1920,1080
fish,111,709,00227.jpg,1920,1080
fish,176,483,00227.jpg,1920,1080
fish,104,91,00227.jpg,1920,1080
fish,125,25,00227.jpg,1920,1080
fish,188,122,00227.jpg,1920,1080
fish,312,175,00227.jpg,1920,1080
fish,370,280,00227.jpg,1920,1080
fish,447,222,00227.jpg,1920,1080
fish,438,172,00227.jpg,1920,1080
fish,515,163,00227.jpg,1920,1080
fish,375,15,00227.jpg,1920,1080
fish,538,229,00227.jpg,1920,1080
fish,513,263,00227.jpg,1920,1080
fish,623,120,00227.jpg,1920,1080
fish,704,155,00227.jpg,1920,1080
fish,643,26,00227.jpg,1920,1080
fish,800,48,00227.jpg,1920,1080
fish,930,163,00227.jpg,1920,1080
fish,893,321,00227.jpg,1920,1080
fish,649,337,00227.jpg,1920,1080
fish,938,58,00227.jpg,1920,1080
fish,1123,130,00227.jpg,1920,1080
fish,1068,249,00227.jpg,1920,1080
fish,921,390,00227.jpg,1920,1080
fish,1203,549,00227.jpg,1920,1080
fish,1272,362,00227.jpg,1920,1080
fish,1390,48,00227.jpg,1920,1080
fish,1271,23,00227.jpg,1920,1080
fish,1686,91,00227.jpg,1920,1080
fish,1845,89,00227.jpg,1920,1080
fish,1707,247,00227.jpg,1920,1080
fish,1798,327,00227.jpg,1920,1080
fish,1529,360,00227.jpg,1920,1080
fish,607,913,00227.jpg,1920,1080
fish,271,861,00228.jpg,1920,1080
fish,121,1025,00228.jpg,1920,1080
fish,204,1051,00228.jpg,1920,1080
fish,33,964,00228.jpg,1920,1080
fish,706,629,00228.jpg,1920,1080
fish,466,641,00228.jpg,1920,1080
fish,35,332,00228.jpg,1920,1080
fish,24,183,00228.jpg,1920,1080
fish,35,50,00228.jpg,1920,1080
fish,143,91,00228.jpg,1920,1080
fish,251,76,00228.jpg,1920,1080
fish,160,255,00228.jpg,1920,1080
fish,282,211,00228.jpg,1920,1080
fish,275,428,00228.jpg,1920,1080
fish,428,313,00228.jpg,1920,1080
fish,422,193,00228.jpg,1920,1080
fish,483,178,00228.jpg,1920,1080
fish,485,120,00228.jpg,1920,1080
fish,547,45,00228.jpg,1920,1080
fish,698,70,00228.jpg,1920,1080
fish,762,145,00228.jpg,1920,1080
fish,712,230,00228.jpg,1920,1080
fish,667,473,00228.jpg,1920,1080
fish,866,726,00228.jpg,1920,1080
fish,755,1029,00228.jpg,1920,1080
fish,980,487,00228.jpg,1920,1080
fish,900,315,00228.jpg,1920,1080
fish,952,227,00228.jpg,1920,1080
fish,932,133,00228.jpg,1920,1080
fish,1002,130,00228.jpg,1920,1080
fish,1071,149,00228.jpg,1920,1080
fish,1217,194,00228.jpg,1920,1080
fish,1068,301,00228.jpg,1920,1080
fish,1140,287,00228.jpg,1920,1080
fish,1076,345,00228.jpg,1920,1080
fish,1165,378,00228.jpg,1920,1080
fish,1238,351,00228.jpg,1920,1080
fish,1274,67,00228.jpg,1920,1080
fish,1473,103,00228.jpg,1920,1080
fish,1482,127,00228.jpg,1920,1080
fish,1399,216,00228.jpg,1920,1080
fish,1718,95,00228.jpg,1920,1080
fish,1633,298,00228.jpg,1920,1080
fish,1537,367,00228.jpg,1920,1080
fish,1716,274,00228.jpg,1920,1080
fish,1903,389,00228.jpg,1920,1080
fish,1426,684,00228.jpg,1920,1080
fish,530,1052,00229.jpg,1920,1080
fish,163,1047,00229.jpg,1920,1080
fish,58,997,00229.jpg,1920,1080
fish,347,412,00229.jpg,1920,1080
fish,395,274,00229.jpg,1920,1080
fish,273,182,00229.jpg,1920,1080
fish,52,106,00229.jpg,1920,1080
fish,435,125,00229.jpg,1920,1080
fish,450,31,00229.jpg,1920,1080
fish,544,108,00229.jpg,1920,1080
fish,604,83,00229.jpg,1920,1080
fish,623,215,00229.jpg,1920,1080
fish,761,161,00229.jpg,1920,1080
fish,533,284,00229.jpg,1920,1080
fish,789,260,00229.jpg,1920,1080
fish,728,387,00229.jpg,1920,1080
fish,653,379,00229.jpg,1920,1080
fish,871,135,00229.jpg,1920,1080
fish,1035,205,00229.jpg,1920,1080
fish,1027,258,00229.jpg,1920,1080
fish,1007,407,00229.jpg,1920,1080
fish,1142,312,00229.jpg,1920,1080
fish,1098,436,00229.jpg,1920,1080
fish,1007,524,00229.jpg,1920,1080
fish,1300,589,00229.jpg,1920,1080
fish,1311,448,00229.jpg,1920,1080
fish,1384,586,00229.jpg,1920,1080
fish,1467,445,00229.jpg,1920,1080
fish,1496,403,00229.jpg,1920,1080
fish,1559,169,00229.jpg,1920,1080
fish,1473,95,00229.jpg,1920,1080
fish,1172,111,00229.jpg,1920,1080
fish,1730,164,00229.jpg,1920,1080
fish,1765,277,00229.jpg,1920,1080
fish,1898,338,00229.jpg,1920,1080
fish,1903,371,00229.jpg,1920,1080
fish,1893,448,00229.jpg,1920,1080
fish,1558,663,00229.jpg,1920,1080
fish,185,1044,00230.jpg,1920,1080
fish,85,977,00230.jpg,1920,1080
fish,39,641,00230.jpg,1920,1080
fish,293,422,00230.jpg,1920,1080
fish,563,657,00230.jpg,1920,1080
fish,624,486,00230.jpg,1920,1080
fish,535,483,00230.jpg,1920,1080
fish,624,379,00230.jpg,1920,1080
fish,387,243,00230.jpg,1920,1080
fish,348,284,00230.jpg,1920,1080
fish,260,92,00230.jpg,1920,1080
fish,477,119,00230.jpg,1920,1080
fish,621,180,00230.jpg,1920,1080
fish,510,252,00230.jpg,1920,1080
fish,750,174,00230.jpg,1920,1080
fish,845,315,00230.jpg,1920,1080
fish,960,243,00230.jpg,1920,1080
fish,1020,445,00230.jpg,1920,1080
fish,1092,365,00230.jpg,1920,1080
fish,1118,316,00230.jpg,1920,1080
fish,1112,197,00230.jpg,1920,1080
fish,1104,117,00230.jpg,1920,1080
fish,1263,266,00230.jpg,1920,1080
fish,1260,174,00230.jpg,1920,1080
fish,1214,365,00230.jpg,1920,1080
fish,1384,55,00230.jpg,1920,1080
fish,1349,337,00230.jpg,1920,1080
fish,1465,425,00230.jpg,1920,1080
fish,1299,436,00230.jpg,1920,1080
fish,1478,59,00230.jpg,1920,1080
fish,1567,26,00230.jpg,1920,1080
fish,1555,94,00230.jpg,1920,1080
fish,1504,247,00230.jpg,1920,1080
fish,1517,329,00230.jpg,1920,1080
fish,1859,240,00230.jpg,1920,1080
fish,1840,335,00230.jpg,1920,1080
fish,1674,321,00230.jpg,1920,1080
fish,1758,503,00230.jpg,1920,1080
fish,1611,629,00230.jpg,1920,1080
fish,1507,760,00230.jpg,1920,1080
fish,1666,853,00230.jpg,1920,1080
fish,207,994,00231.jpg,1920,1080
fish,257,1047,00231.jpg,1920,1080
fish,11,1044,00231.jpg,1920,1080
fish,118,713,00231.jpg,1920,1080
fish,108,387,00231.jpg,1920,1080
fish,144,78,00231.jpg,1920,1080
fish,362,102,00231.jpg,1920,1080
fish,414,207,00231.jpg,1920,1080
fish,367,276,00231.jpg,1920,1080
fish,248,224,00231.jpg,1920,1080
fish,463,301,00231.jpg,1920,1080
fish,557,153,00231.jpg,1920,1080
fish,590,78,00231.jpg,1920,1080
fish,530,39,00231.jpg,1920,1080
fish,665,236,00231.jpg,1920,1080
fish,645,150,00231.jpg,1920,1080
fish,748,78,00231.jpg,1920,1080
fish,819,127,00231.jpg,1920,1080
fish,907,31,00231.jpg,1920,1080
fish,1098,23,00231.jpg,1920,1080
fish,990,113,00231.jpg,1920,1080
fish,1016,152,00231.jpg,1920,1080
fish,1129,163,00231.jpg,1920,1080
fish,1120,215,00231.jpg,1920,1080
fish,1016,262,00231.jpg,1920,1080
fish,957,236,00231.jpg,1920,1080
fish,916,356,00231.jpg,1920,1080
fish,1009,381,00231.jpg,1920,1080
fish,740,751,00231.jpg,1920,1080
fish,590,560,00231.jpg,1920,1080
fish,1373,1046,00231.jpg,1920,1080
fish,668,1052,00231.jpg,1920,1080
fish,1233,392,00231.jpg,1920,1080
fish,1327,354,00231.jpg,1920,1080
fish,1305,263,00231.jpg,1920,1080
fish,1335,301,00231.jpg,1920,1080
fish,1321,199,00231.jpg,1920,1080
fish,1371,78,00231.jpg,1920,1080
fish,1241,56,00231.jpg,1920,1080
fish,1471,26,00231.jpg,1920,1080
fish,1473,160,00231.jpg,1920,1080
fish,1418,246,00231.jpg,1920,1080
fish,1589,84,00231.jpg,1920,1080
fish,1664,34,00231.jpg,1920,1080
fish,1660,120,00231.jpg,1920,1080
fish,1823,36,00231.jpg,1920,1080
fish,1813,340,00231.jpg,1920,1080
fish,1630,335,00231.jpg,1920,1080
fish,1851,491,00231.jpg,1920,1080
fish,1594,651,00231.jpg,1920,1080
fish,246,188,00232.jpg,1920,1080
fish,249,59,00232.jpg,1920,1080
fish,22,144,00232.jpg,1920,1080
fish,31,26,00232.jpg,1920,1080
fish,80,991,00232.jpg,1920,1080
fish,179,1032,00232.jpg,1920,1080
fish,322,1041,00232.jpg,1920,1080
fish,1173,663,00232.jpg,1920,1080
fish,1316,862,00232.jpg,1920,1080
fish,400,444,00232.jpg,1920,1080
fish,452,298,00232.jpg,1920,1080
fish,424,189,00232.jpg,1920,1080
fish,543,69,00232.jpg,1920,1080
fish,720,61,00232.jpg,1920,1080
fish,744,142,00232.jpg,1920,1080
fish,717,398,00232.jpg,1920,1080
fish,684,467,00232.jpg,1920,1080
fish,811,263,00232.jpg,1920,1080
fish,861,215,00232.jpg,1920,1080
fish,943,163,00232.jpg,1920,1080
fish,1056,120,00232.jpg,1920,1080
fish,944,304,00232.jpg,1920,1080
fish,1054,329,00232.jpg,1920,1080
fish,1145,356,00232.jpg,1920,1080
fish,1175,418,00232.jpg,1920,1080
fish,1493,564,00232.jpg,1920,1080
fish,1424,329,00232.jpg,1920,1080
fish,1369,164,00232.jpg,1920,1080
fish,1423,89,00232.jpg,1920,1080
fish,1434,33,00232.jpg,1920,1080
fish,1070,26,00232.jpg,1920,1080
fish,1647,40,00232.jpg,1920,1080
fish,1512,141,00232.jpg,1920,1080
fish,1788,232,00232.jpg,1920,1080
fish,1898,64,00232.jpg,1920,1080
fish,86,790,00233.jpg,1920,1080
fish,293,600,00233.jpg,1920,1080
fish,267,440,00233.jpg,1920,1080
fish,190,334,00233.jpg,1920,1080
fish,67,221,00233.jpg,1920,1080
fish,110,94,00233.jpg,1920,1080
fish,24,40,00233.jpg,1920,1080
fish,223,102,00233.jpg,1920,1080
fish,403,327,00233.jpg,1920,1080
fish,576,437,00233.jpg,1920,1080
fish,671,560,00233.jpg,1920,1080
fish,196,1024,00233.jpg,1920,1080
fish,1038,687,00233.jpg,1920,1080
fish,996,404,00233.jpg,1920,1080
fish,979,153,00233.jpg,1920,1080
fish,915,216,00233.jpg,1920,1080
fish,864,141,00233.jpg,1920,1080
fish,692,136,00233.jpg,1920,1080
fish,582,86,00233.jpg,1920,1080
fish,519,160,00233.jpg,1920,1080
fish,450,62,00233.jpg,1920,1080
fish,1029,29,00233.jpg,1920,1080
fish,1133,128,00233.jpg,1920,1080
fish,1173,182,00233.jpg,1920,1080
fish,1260,216,00233.jpg,1920,1080
fish,1330,128,00233.jpg,1920,1080
fish,1260,29,00233.jpg,1920,1080
fish,1416,124,00233.jpg,1920,1080
fish,1490,310,00233.jpg,1920,1080
fish,1619,166,00233.jpg,1920,1080
fish,1776,122,00233.jpg,1920,1080
fish,1914,230,00233.jpg,1920,1080
fish,333,484,00234.jpg,1920,1080
fish,60,296,00234.jpg,1920,1080
fish,66,83,00234.jpg,1920,1080
fish,176,895,00234.jpg,1920,1080
fish,74,1029,00234.jpg,1920,1080
fish,336,1077,00234.jpg,1920,1080
fish,513,869,00234.jpg,1920,1080
fish,518,268,00234.jpg,1920,1080
fish,314,241,00234.jpg,1920,1080
fish,348,92,00234.jpg,1920,1080
fish,287,48,00234.jpg,1920,1080
fish,529,78,00234.jpg,1920,1080
fish,480,125,00234.jpg,1920,1080
fish,616,78,00234.jpg,1920,1080
fish,543,191,00234.jpg,1920,1080
fish,758,161,00234.jpg,1920,1080
fish,629,53,00234.jpg,1920,1080
fish,836,138,00234.jpg,1920,1080
fish,889,105,00234.jpg,1920,1080
fish,828,39,00234.jpg,1920,1080
fish,1023,36,00234.jpg,1920,1080
fish,958,130,00234.jpg,1920,1080
fish,982,167,00234.jpg,1920,1080
fish,1125,150,00234.jpg,1920,1080
fish,847,280,00234.jpg,1920,1080
fish,965,624,00234.jpg,1920,1080
fish,1071,390,00234.jpg,1920,1080
fish,1065,233,00234.jpg,1920,1080
fish,1296,163,00234.jpg,1920,1080
fish,1224,86,00234.jpg,1920,1080
fish,1431,34,00234.jpg,1920,1080
fish,1352,260,00234.jpg,1920,1080
fish,1269,627,00234.jpg,1920,1080
fish,1449,444,00234.jpg,1920,1080
fish,1478,196,00234.jpg,1920,1080
fish,1555,89,00234.jpg,1920,1080
fish,1682,22,00234.jpg,1920,1080
fish,1688,72,00234.jpg,1920,1080
fish,1674,174,00234.jpg,1920,1080
fish,1765,166,00234.jpg,1920,1080
fish,1686,266,00234.jpg,1920,1080
fish,331,1030,00235.jpg,1920,1080
fish,49,977,00235.jpg,1920,1080
fish,36,456,00235.jpg,1920,1080
fish,267,260,00235.jpg,1920,1080
fish,185,166,00235.jpg,1920,1080
fish,119,127,00235.jpg,1920,1080
fish,105,61,00235.jpg,1920,1080
fish,287,127,00235.jpg,1920,1080
fish,351,65,00235.jpg,1920,1080
fish,460,102,00235.jpg,1920,1080
fish,566,128,00235.jpg,1920,1080
fish,499,177,00235.jpg,1920,1080
fish,648,194,00235.jpg,1920,1080
fish,676,73,00235.jpg,1920,1080
fish,827,144,00235.jpg,1920,1080
fish,767,182,00235.jpg,1920,1080
fish,729,135,00235.jpg,1920,1080
fish,618,418,00235.jpg,1920,1080
fish,789,743,00235.jpg,1920,1080
fish,984,387,00235.jpg,1920,1080
fish,1051,188,00235.jpg,1920,1080
fish,1026,163,00235.jpg,1920,1080
fish,1085,122,00235.jpg,1920,1080
fish,987,94,00235.jpg,1920,1080
fish,1235,83,00235.jpg,1920,1080
fish,1340,29,00235.jpg,1920,1080
fish,1247,210,00235.jpg,1920,1080
fish,1407,156,00235.jpg,1920,1080
fish,1570,117,00235.jpg,1920,1080
fish,1589,29,00235.jpg,1920,1080
fish,1539,28,00235.jpg,1920,1080
fish,1743,53,00235.jpg,1920,1080
fish,1597,273,00235.jpg,1920,1080
fish,1738,357,00235.jpg,1920,1080
fish,1613,487,00235.jpg,1920,1080
fish,240,985,00236.jpg,1920,1080
fish,361,1016,00236.jpg,1920,1080
fish,331,804,00236.jpg,1920,1080
fish,22,889,00236.jpg,1920,1080
fish,271,392,00236.jpg,1920,1080
fish,20,331,00236.jpg,1920,1080
fish,52,113,00236.jpg,1920,1080
fish,240,56,00236.jpg,1920,1080
fish,304,83,00236.jpg,1920,1080
fish,778,131,00236.jpg,1920,1080
fish,392,78,00236.jpg,1920,1080
fish,386,194,00236.jpg,1920,1080
fish,538,284,00236.jpg,1920,1080
fish,491,324,00236.jpg,1920,1080
fish,695,357,00236.jpg,1920,1080
fish,916,266,00236.jpg,1920,1080
fish,998,249,00236.jpg,1920,1080
fish,976,323,00236.jpg,1920,1080
fish,1197,619,00236.jpg,1920,1080
fish,1537,679,00236.jpg,1920,1080
fish,1191,266,00236.jpg,1920,1080
fish,1355,17,00236.jpg,1920,1080
fish,1155,33,00236.jpg,1920,1080
fish,1220,81,00236.jpg,1920,1080
fish,1393,65,00236.jpg,1920,1080
fish,1366,111,00236.jpg,1920,1080
fish,1565,62,00236.jpg,1920,1080
fish,1558,183,00236.jpg,1920,1080
fish,1589,243,00236.jpg,1920,1080
fish,1865,105,00236.jpg,1920,1080
fish,336,1036,00237.jpg,1920,1080
fish,243,1068,00237.jpg,1920,1080
fish,130,952,00237.jpg,1920,1080
fish,253,796,00237.jpg,1920,1080
fish,188,135,00237.jpg,1920,1080
fish,47,23,00237.jpg,1920,1080
fish,329,20,00237.jpg,1920,1080
fish,329,105,00237.jpg,1920,1080
fish,329,219,00237.jpg,1920,1080
fish,422,136,00237.jpg,1920,1080
fish,582,169,00237.jpg,1920,1080
fish,536,42,00237.jpg,1920,1080
fish,701,36,00237.jpg,1920,1080
fish,772,97,00237.jpg,1920,1080
fish,593,282,00237.jpg,1920,1080
fish,667,359,00237.jpg,1920,1080
fish,802,564,00237.jpg,1920,1080
fish,734,760,00237.jpg,1920,1080
fish,940,387,00237.jpg,1920,1080
fish,880,338,00237.jpg,1920,1080
fish,802,183,00237.jpg,1920,1080
fish,943,42,00237.jpg,1920,1080
fish,1016,127,00237.jpg,1920,1080
fish,1128,119,00237.jpg,1920,1080
fish,1057,262,00237.jpg,1920,1080
fish,1192,150,00237.jpg,1920,1080
fish,1214,55,00237.jpg,1920,1080
fish,1271,119,00237.jpg,1920,1080
fish,1220,324,00237.jpg,1920,1080
fish,1429,247,00237.jpg,1920,1080
fish,1427,39,00237.jpg,1920,1080
fish,1567,117,00237.jpg,1920,1080
fish,1573,141,00237.jpg,1920,1080
fish,1636,109,00237.jpg,1920,1080
fish,1664,53,00237.jpg,1920,1080
fish,1617,28,00237.jpg,1920,1080
fish,1787,28,00237.jpg,1920,1080
fish,1862,59,00237.jpg,1920,1080
fish,1793,166,00237.jpg,1920,1080
fish,1890,500,00237.jpg,1920,1080
fish,1437,851,00237.jpg,1920,1080
fish,135,1062,00238.jpg,1920,1080
fish,163,891,00238.jpg,1920,1080
fish,256,269,00238.jpg,1920,1080
fish,16,163,00238.jpg,1920,1080
fish,42,91,00238.jpg,1920,1080
fish,334,109,00238.jpg,1920,1080
fish,417,70,00238.jpg,1920,1080
fish,604,122,00238.jpg,1920,1080
fish,711,62,00238.jpg,1920,1080
fish,792,111,00238.jpg,1920,1080
fish,685,309,00238.jpg,1920,1080
fish,651,357,00238.jpg,1920,1080
fish,482,367,00238.jpg,1920,1080
fish,836,442,00238.jpg,1920,1080
fish,850,343,00238.jpg,1920,1080
fish,817,279,00238.jpg,1920,1080
fish,800,216,00238.jpg,1920,1080
fish,781,199,00238.jpg,1920,1080
fish,875,200,00238.jpg,1920,1080
fish,1057,164,00238.jpg,1920,1080
fish,995,53,00238.jpg,1920,1080
fish,1093,232,00238.jpg,1920,1080
fish,1042,268,00238.jpg,1920,1080
fish,1227,113,00238.jpg,1920,1080
fish,1274,75,00238.jpg,1920,1080
fish,1202,18,00238.jpg,1920,1080
fish,1325,356,00238.jpg,1920,1080
fish,1012,1077,00238.jpg,1920,1080
fish,1617,582,00238.jpg,1920,1080
fish,1727,418,00238.jpg,1920,1080
fish,1854,359,00238.jpg,1920,1080
fish,1809,268,00238.jpg,1920,1080
fish,1842,50,00238.jpg,1920,1080
fish,1678,34,00238.jpg,1920,1080
fish,1528,105,00238.jpg,1920,1080
fish,328,627,00239.jpg,1920,1080
fish,819,685,00239.jpg,1920,1080
fish,340,433,00239.jpg,1920,1080
fish,664,364,00239.jpg,1920,1080
fish,491,349,00239.jpg,1920,1080
fish,296,273,00239.jpg,1920,1080
fish,173,252,00239.jpg,1920,1080
fish,196,171,00239.jpg,1920,1080
fish,264,95,00239.jpg,1920,1080
fish,66,86,00239.jpg,1920,1080
fish,52,155,00239.jpg,1920,1080
fish,35,282,00239.jpg,1920,1080
fish,444,280,00239.jpg,1920,1080
fish,381,33,00239.jpg,1920,1080
fish,759,205,00239.jpg,1920,1080
fish,587,271,00239.jpg,1920,1080
fish,565,252,00239.jpg,1920,1080
fish,871,156,00239.jpg,1920,1080
fish,933,191,00239.jpg,1920,1080
fish,927,244,00239.jpg,1920,1080
fish,930,284,00239.jpg,1920,1080
fish,1029,221,00239.jpg,1920,1080
fish,1107,280,00239.jpg,1920,1080
fish,820,313,00239.jpg,1920,1080
fish,973,407,00239.jpg,1920,1080
fish,1122,160,00239.jpg,1920,1080
fish,1064,122,00239.jpg,1920,1080
fish,1213,135,00239.jpg,1920,1080
fish,1274,36,00239.jpg,1920,1080
fish,1429,279,00239.jpg,1920,1080
fish,1325,295,00239.jpg,1920,1080
fish,1275,174,00239.jpg,1920,1080
fish,1275,109,00239.jpg,1920,1080
fish,1479,92,00239.jpg,1920,1080
fish,1517,128,00239.jpg,1920,1080
fish,1575,25,00239.jpg,1920,1080
fish,1481,227,00239.jpg,1920,1080
fish,1619,169,00239.jpg,1920,1080
fish,1663,76,00239.jpg,1920,1080
fish,1671,36,00239.jpg,1920,1080
fish,1840,26,00239.jpg,1920,1080
fish,1805,222,00239.jpg,1920,1080
fish,1904,216,00239.jpg,1920,1080
fish,889,939,00240.jpg,1920,1080
fish,905,1044,00240.jpg,1920,1080
fish,246,1038,00240.jpg,1920,1080
fish,232,240,00240.jpg,1920,1080
fish,195,191,00240.jpg,1920,1080
fish,323,186,00240.jpg,1920,1080
fish,375,141,00240.jpg,1920,1080
fish,314,116,00240.jpg,1920,1080
fish,380,23,00240.jpg,1920,1080
fish,323,26,00240.jpg,1920,1080
fish,515,23,00240.jpg,1920,1080
fish,515,94,00240.jpg,1920,1080
fish,573,164,00240.jpg,1920,1080
fish,467,313,00240.jpg,1920,1080
fish,516,316,00240.jpg,1920,1080
fish,673,100,00240.jpg,1920,1080
fish,750,149,00240.jpg,1920,1080
fish,709,290,00240.jpg,1920,1080
fish,822,302,00240.jpg,1920,1080
fish,929,276,00240.jpg,1920,1080
fish,1043,135,00240.jpg,1920,1080
fish,1093,12,00240.jpg,1920,1080
fish,1346,55,00240.jpg,1920,1080
fish,1580,69,00240.jpg,1920,1080
fish,1545,98,00240.jpg,1920,1080
fish,1638,25,00240.jpg,1920,1080
fish,1564,309,00240.jpg,1920,1080
fish,1711,106,00240.jpg,1920,1080
fish,1867,202,00240.jpg,1920,1080
fish,1904,785,00240.jpg,1920,1080
fish,1567,909,00240.jpg,1920,1080
fish,102,589,00241.jpg,1920,1080
fish,205,288,00241.jpg,1920,1080
fish,312,194,00241.jpg,1920,1080
fish,331,161,00241.jpg,1920,1080
fish,254,11,00241.jpg,1920,1080
fish,397,75,00241.jpg,1920,1080
fish,510,56,00241.jpg,1920,1080
fish,565,76,00241.jpg,1920,1080
fish,549,171,00241.jpg,1920,1080
fish,380,305,00241.jpg,1920,1080
fish,439,274,00241.jpg,1920,1080
fish,591,241,00241.jpg,1920,1080
fish,737,138,00241.jpg,1920,1080
fish,839,144,00241.jpg,1920,1080
fish,841,205,00241.jpg,1920,1080
fish,842,277,00241.jpg,1920,1080
fish,819,498,00241.jpg,1920,1080
fish,980,572,00241.jpg,1920,1080
fish,1023,382,00241.jpg,1920,1080
fish,1236,950,00241.jpg,1920,1080
fish,1253,238,00241.jpg,1920,1080
fish,1165,135,00241.jpg,1920,1080
fish,1027,141,00241.jpg,1920,1080
fish,907,178,00241.jpg,1920,1080
fish,1137,75,00241.jpg,1920,1080
fish,1242,18,00241.jpg,1920,1080
fish,1266,95,00241.jpg,1920,1080
fish,1351,122,00241.jpg,1920,1080
fish,1426,89,00241.jpg,1920,1080
fish,1484,111,00241.jpg,1920,1080
fish,1523,40,00241.jpg,1920,1080
fish,1467,182,00241.jpg,1920,1080
fish,1697,144,00241.jpg,1920,1080
fish,1664,25,00241.jpg,1920,1080
fish,1741,48,00241.jpg,1920,1080
fish,1785,108,00241.jpg,1920,1080
fish,1893,18,00241.jpg,1920,1080
fish,1887,318,00241.jpg,1920,1080
fish,1628,367,00241.jpg,1920,1080
fish,1600,461,00241.jpg,1920,1080
fish,1401,547,00241.jpg,1920,1080
fish,238,702,00242.jpg,1920,1080
fish,265,1066,00242.jpg,1920,1080
fish,1002,1068,00242.jpg,1920,1080
fish,1332,811,00242.jpg,1920,1080
fish,1583,898,00242.jpg,1920,1080
fish,96,342,00242.jpg,1920,1080
fish,52,224,00242.jpg,1920,1080
fish,71,92,00242.jpg,1920,1080
fish,69,64,00242.jpg,1920,1080
fish,190,14,00242.jpg,1920,1080
fish,212,114,00242.jpg,1920,1080
fish,231,236,00242.jpg,1920,1080
fish,329,191,00242.jpg,1920,1080
fish,138,185,00242.jpg,1920,1080
fish,295,409,00242.jpg,1920,1080
fish,395,304,00242.jpg,1920,1080
fish,461,389,00242.jpg,1920,1080
fish,510,144,00242.jpg,1920,1080
fish,329,23,00242.jpg,1920,1080
fish,634,73,00242.jpg,1920,1080
fish,800,103,00242.jpg,1920,1080
fish,778,193,00242.jpg,1920,1080
fish,676,105,00242.jpg,1920,1080
fish,742,265,00242.jpg,1920,1080
fish,861,375,00242.jpg,1920,1080
fish,1255,417,00242.jpg,1920,1080
fish,955,109,00242.jpg,1920,1080
fish,962,23,00242.jpg,1920,1080
fish,1032,138,00242.jpg,1920,1080
fish,943,194,00242.jpg,1920,1080
fish,853,86,00242.jpg,1920,1080
fish,1202,78,00242.jpg,1920,1080
fish,1300,210,00242.jpg,1920,1080
fish,1233,324,00242.jpg,1920,1080
fish,1445,174,00242.jpg,1920,1080
fish,1453,33,00242.jpg,1920,1080
fish,1490,307,00242.jpg,1920,1080
fish,1766,365,00242.jpg,1920,1080
fish,1779,95,00242.jpg,1920,1080
fish,951,911,00243.jpg,1920,1080
fish,179,1055,00243.jpg,1920,1080
fish,38,174,00243.jpg,1920,1080
fish,130,92,00243.jpg,1920,1080
fish,44,22,00243.jpg,1920,1080
fish,331,44,00243.jpg,1920,1080
fish,209,61,00243.jpg,1920,1080
fish,333,141,00243.jpg,1920,1080
fish,445,144,00243.jpg,1920,1080
fish,502,122,00243.jpg,1920,1080
fish,524,188,00243.jpg,1920,1080
fish,640,94,00243.jpg,1920,1080
fish,671,120,00243.jpg,1920,1080
fish,596,138,00243.jpg,1920,1080
fish,767,158,00243.jpg,1920,1080
fish,817,182,00243.jpg,1920,1080
fish,861,128,00243.jpg,1920,1080
fish,993,207,00243.jpg,1920,1080
fish,842,316,00243.jpg,1920,1080
fish,646,312,00243.jpg,1920,1080
fish,706,422,00243.jpg,1920,1080
fish,1217,442,00243.jpg,1920,1080
fish,1043,624,00243.jpg,1920,1080
fish,1224,974,00243.jpg,1920,1080
fish,1465,691,00243.jpg,1920,1080
fish,1583,839,00243.jpg,1920,1080
fish,1518,467,00243.jpg,1920,1080
fish,1627,222,00243.jpg,1920,1080
fish,1555,246,00243.jpg,1920,1080
fish,1848,194,00243.jpg,1920,1080
fish,1415,72,00243.jpg,1920,1080
fish,1540,18,00243.jpg,1920,1080
fish,1619,15,00243.jpg,1920,1080
fish,1269,51,00243.jpg,1920,1080
fish,1296,191,00243.jpg,1920,1080
fish,1137,210,00243.jpg,1920,1080
fish,1037,61,00243.jpg,1920,1080